,Year,Genre,Distinct_Title_Count
0,1916-01-01,Drama,1
1,1916-01-01,History,1
2,1920-01-01,Crime,1
3,1920-01-01,Drama,1
4,1921-01-01,Comedy,1
5,1921-01-01,Drama,1
6,1921-01-01,Family,1
7,1925-01-01,Adventure,1
8,1925-01-01,Comedy,1
9,1925-01-01,Drama,2
10,1925-01-01,Romance,1
11,1925-01-01,War,1
12,1926-01-01,Action,1
13,1926-01-01,Adventure,1
14,1926-01-01,Comedy,1
15,1927-01-01,Drama,2
16,1927-01-01,Romance,1
17,1927-01-01,Sci-Fi,1
18,1928-01-01,Biography,1
19,1928-01-01,Drama,1
20,1928-01-01,History,1
21,1929-01-01,Crime,1
22,1929-01-01,Drama,2
23,1929-01-01,Musical,1
24,1929-01-01,Romance,2
25,1930-01-01,Drama,2
26,1930-01-01,War,2
27,1931-01-01,Comedy,1
28,1931-01-01,Crime,1
29,1931-01-01,Drama,2
30,1931-01-01,Mystery,1
31,1931-01-01,Romance,1
32,1932-01-01,Drama,1
33,1932-01-01,Romance,1
34,1932-01-01,War,1
35,1933-01-01,Comedy,2
36,1933-01-01,Drama,1
37,1933-01-01,History,1
38,1933-01-01,Musical,1
39,1933-01-01,Romance,1
40,1934-01-01,Comedy,1
41,1934-01-01,Romance,1
42,1935-01-01,Comedy,2
43,1935-01-01,Music,1
44,1935-01-01,Musical,2
45,1935-01-01,Romance,1
46,1936-01-01,Action,1
47,1936-01-01,Adventure,1
48,1936-01-01,Comedy,1
49,1936-01-01,Drama,1
50,1936-01-01,Family,1
51,1936-01-01,Romance,1
52,1937-01-01,Adventure,1
53,1937-01-01,Animation,1
54,1937-01-01,Drama,1
55,1937-01-01,Family,1
56,1937-01-01,Fantasy,1
57,1937-01-01,Romance,1
58,1938-01-01,Comedy,1
59,1938-01-01,Drama,2
60,1938-01-01,Musical,1
61,1938-01-01,Romance,2
62,1939-01-01,Adventure,1
63,1939-01-01,Comedy,1
64,1939-01-01,Drama,2
65,1939-01-01,Family,1
66,1939-01-01,Fantasy,1
67,1939-01-01,History,1
68,1939-01-01,Romance,1
69,1940-01-01,Adventure,1
70,1940-01-01,Animation,2
71,1940-01-01,Comedy,4
72,1940-01-01,Drama,6
73,1940-01-01,Family,3
74,1940-01-01,Fantasy,2
75,1940-01-01,History,1
76,1940-01-01,Mystery,1
77,1940-01-01,Romance,4
78,1940-01-01,War,1
79,1941-01-01,Drama,2
80,1941-01-01,Family,1
81,1941-01-01,Film-Noir,1
82,1941-01-01,Mystery,2
83,1942-01-01,Animation,1
84,1942-01-01,Drama,2
85,1942-01-01,Family,1
86,1942-01-01,Romance,1
87,1942-01-01,War,1
88,1943-01-01,Drama,1
89,1943-01-01,Romance,1
90,1943-01-01,War,1
91,1944-01-01,Comedy,2
92,1944-01-01,Crime,3
93,1944-01-01,Drama,3
94,1944-01-01,Film-Noir,2
95,1944-01-01,Musical,1
96,1944-01-01,Mystery,1
97,1944-01-01,Thriller,1
98,1945-01-01,Comedy,1
99,1945-01-01,Drama,4
100,1945-01-01,Film-Noir,2
101,1945-01-01,Musical,1
102,1945-01-01,Mystery,1
103,1945-01-01,Romance,2
104,1946-01-01,Crime,1
105,1946-01-01,Drama,4
106,1946-01-01,Family,1
107,1946-01-01,Fantasy,1
108,1946-01-01,Film-Noir,2
109,1946-01-01,Mystery,1
110,1946-01-01,Romance,3
111,1946-01-01,War,1
112,1946-01-01,Western,1
113,1947-01-01,Adventure,1
114,1947-01-01,Crime,2
115,1947-01-01,Drama,4
116,1947-01-01,Film-Noir,2
117,1947-01-01,Romance,2
118,1948-01-01,Action,1
119,1948-01-01,Adventure,3
120,1948-01-01,Comedy,1
121,1948-01-01,Crime,2
122,1948-01-01,Drama,4
123,1948-01-01,Musical,1
124,1948-01-01,Romance,1
125,1948-01-01,Thriller,1
126,1948-01-01,Western,1
127,1949-01-01,Action,1
128,1949-01-01,Comedy,1
129,1949-01-01,Crime,1
130,1949-01-01,Drama,1
131,1949-01-01,Film-Noir,1
132,1949-01-01,Mystery,1
133,1949-01-01,Romance,1
134,1949-01-01,Thriller,1
135,1949-01-01,Western,1
136,1950-01-01,Biography,1
137,1950-01-01,Comedy,2
138,1950-01-01,Crime,1
139,1950-01-01,Drama,4
140,1950-01-01,Fantasy,1
141,1950-01-01,Film-Noir,1
142,1950-01-01,Musical,1
143,1950-01-01,Mystery,1
144,1951-01-01,Biography,1
145,1951-01-01,Crime,1
146,1951-01-01,Drama,3
147,1951-01-01,Family,1
148,1951-01-01,Film-Noir,1
149,1951-01-01,History,1
150,1951-01-01,Musical,1
151,1951-01-01,Thriller,1
152,1952-01-01,Comedy,1
153,1952-01-01,Crime,1
154,1952-01-01,Drama,4
155,1952-01-01,Family,1
156,1952-01-01,Film-Noir,1
157,1952-01-01,Musical,1
158,1952-01-01,Romance,2
159,1952-01-01,Thriller,1
160,1952-01-01,Western,1
161,1953-01-01,Adventure,2
162,1953-01-01,Comedy,1
163,1953-01-01,Drama,5
164,1953-01-01,Film-Noir,1
165,1953-01-01,History,1
166,1953-01-01,Horror,1
167,1953-01-01,Romance,2
168,1953-01-01,Sci-Fi,1
169,1953-01-01,Thriller,2
170,1953-01-01,War,2
171,1954-01-01,Adventure,2
172,1954-01-01,Biography,1
173,1954-01-01,Crime,2
174,1954-01-01,Drama,4
175,1954-01-01,Family,1
176,1954-01-01,Film-Noir,1
177,1954-01-01,History,1
178,1954-01-01,Mystery,1
179,1954-01-01,Thriller,3
180,1955-01-01,Comedy,1
181,1955-01-01,Crime,2
182,1955-01-01,Drama,4
183,1955-01-01,Fantasy,1
184,1955-01-01,Film-Noir,1
185,1955-01-01,Horror,1
186,1955-01-01,Mystery,1
187,1956-01-01,Adventure,1
188,1956-01-01,Crime,1
189,1956-01-01,Drama,5
190,1956-01-01,Film-Noir,1
191,1956-01-01,Romance,2
192,1956-01-01,Western,1
193,1957-01-01,Adventure,1
194,1957-01-01,Crime,2
195,1957-01-01,Drama,8
196,1957-01-01,Family,1
197,1957-01-01,Fantasy,1
198,1957-01-01,Musical,1
199,1957-01-01,Mystery,1
200,1957-01-01,Romance,1
201,1957-01-01,War,2
202,1958-01-01,Adventure,1
203,1958-01-01,Crime,1
204,1958-01-01,Drama,2
205,1958-01-01,Film-Noir,1
206,1958-01-01,Horror,1
207,1958-01-01,Mystery,1
208,1958-01-01,Romance,2
209,1958-01-01,Sci-Fi,1
210,1958-01-01,Thriller,1
211,1959-01-01,Action,3
212,1959-01-01,Adventure,3
213,1959-01-01,Comedy,2
214,1959-01-01,Crime,2
215,1959-01-01,Drama,7
216,1959-01-01,Family,1
217,1959-01-01,Fantasy,1
218,1959-01-01,History,2
219,1959-01-01,Mystery,2
220,1959-01-01,Romance,2
221,1959-01-01,Sci-Fi,1
222,1959-01-01,Western,1
223,1960-01-01,Comedy,1
224,1960-01-01,Drama,2
225,1960-01-01,Horror,2
226,1960-01-01,Mystery,1
227,1960-01-01,Romance,1
228,1960-01-01,Thriller,1
229,1961-01-01,Action,1
230,1961-01-01,Comedy,1
231,1961-01-01,Crime,1
232,1961-01-01,Drama,6
233,1961-01-01,Horror,1
234,1961-01-01,Musical,1
235,1961-01-01,Romance,1
236,1961-01-01,Sci-Fi,2
237,1961-01-01,Sport,1
238,1961-01-01,Thriller,1
239,1961-01-01,War,1
240,1961-01-01,Western,1
241,1962-01-01,Action,3
242,1962-01-01,Adventure,2
243,1962-01-01,Biography,1
244,1962-01-01,Comedy,1
245,1962-01-01,Crime,2
246,1962-01-01,Drama,7
247,1962-01-01,History,1
248,1962-01-01,Horror,2
249,1962-01-01,Romance,1
250,1962-01-01,Sci-Fi,1
251,1962-01-01,Thriller,3
252,1962-01-01,Western,1
253,1963-01-01,Action,3
254,1963-01-01,Adventure,6
255,1963-01-01,Biography,1
256,1963-01-01,Comedy,3
257,1963-01-01,Drama,6
258,1963-01-01,Fantasy,1
259,1963-01-01,History,3
260,1963-01-01,Romance,1
261,1963-01-01,Sport,1
262,1963-01-01,Thriller,1
263,1964-01-01,Action,1
264,1964-01-01,Adventure,2
265,1964-01-01,Comedy,4
266,1964-01-01,Drama,5
267,1964-01-01,Family,3
268,1964-01-01,Fantasy,1
269,1964-01-01,History,1
270,1964-01-01,Horror,1
271,1964-01-01,Music,1
272,1964-01-01,Musical,2
273,1964-01-01,Romance,1
274,1964-01-01,Thriller,2
275,1964-01-01,War,2
276,1964-01-01,Western,1
277,1965-01-01,Action,1
278,1965-01-01,Adventure,2
279,1965-01-01,Animation,1
280,1965-01-01,Biography,2
281,1965-01-01,Comedy,1
282,1965-01-01,Crime,1
283,1965-01-01,Drama,5
284,1965-01-01,Family,1
285,1965-01-01,History,1
286,1965-01-01,Horror,1
287,1965-01-01,Romance,2
288,1965-01-01,Sci-Fi,1
289,1965-01-01,Short,1
290,1965-01-01,Thriller,1
291,1965-01-01,War,2
292,1965-01-01,Western,2
293,1966-01-01,Action,3
294,1966-01-01,Adventure,3
295,1966-01-01,Biography,2
296,1966-01-01,Comedy,3
297,1966-01-01,Crime,2
298,1966-01-01,Drama,6
299,1966-01-01,History,2
300,1966-01-01,Horror,1
301,1966-01-01,Musical,1
302,1966-01-01,Thriller,3
303,1966-01-01,War,1
304,1966-01-01,Western,1
305,1967-01-01,Action,1
306,1967-01-01,Adventure,1
307,1967-01-01,Biography,1
308,1967-01-01,Comedy,1
309,1967-01-01,Crime,3
310,1967-01-01,Drama,3
311,1967-01-01,Horror,1
312,1967-01-01,Mystery,1
313,1967-01-01,Thriller,2
314,1968-01-01,Adventure,2
315,1968-01-01,Comedy,2
316,1968-01-01,Crime,1
317,1968-01-01,Drama,4
318,1968-01-01,Family,2
319,1968-01-01,Fantasy,1
320,1968-01-01,Horror,2
321,1968-01-01,Music,1
322,1968-01-01,Musical,1
323,1968-01-01,Romance,1
324,1968-01-01,Sci-Fi,2
325,1968-01-01,Western,3
326,1969-01-01,Action,2
327,1969-01-01,Adventure,2
328,1969-01-01,Biography,1
329,1969-01-01,Comedy,3
330,1969-01-01,Crime,3
331,1969-01-01,Drama,8
332,1969-01-01,Music,1
333,1969-01-01,Musical,1
334,1969-01-01,Romance,1
335,1969-01-01,Thriller,3
336,1969-01-01,Western,1
337,1970-01-01,Action,4
338,1970-01-01,Adventure,1
339,1970-01-01,Biography,2
340,1970-01-01,Comedy,5
341,1970-01-01,Documentary,1
342,1970-01-01,Drama,9
343,1970-01-01,History,3
344,1970-01-01,Music,2
345,1970-01-01,Musical,1
346,1970-01-01,Romance,1
347,1970-01-01,Sci-Fi,1
348,1970-01-01,War,2
349,1971-01-01,Action,3
350,1971-01-01,Adventure,1
351,1971-01-01,Comedy,1
352,1971-01-01,Crime,4
353,1971-01-01,Drama,7
354,1971-01-01,Family,2
355,1971-01-01,Fantasy,2
356,1971-01-01,Horror,3
357,1971-01-01,Musical,2
358,1971-01-01,Sci-Fi,4
359,1971-01-01,Thriller,4
360,1972-01-01,Action,1
361,1972-01-01,Comedy,2
362,1972-01-01,Crime,2
363,1972-01-01,Drama,5
364,1972-01-01,Family,1
365,1972-01-01,History,1
366,1972-01-01,Horror,1
367,1972-01-01,Mystery,2
368,1972-01-01,Sci-Fi,3
369,1972-01-01,Thriller,2
370,1973-01-01,Action,2
371,1973-01-01,Adventure,1
372,1973-01-01,Biography,2
373,1973-01-01,Comedy,3
374,1973-01-01,Crime,3
375,1973-01-01,Drama,5
376,1973-01-01,Horror,1
377,1973-01-01,Mystery,1
378,1973-01-01,Sci-Fi,2
379,1973-01-01,Thriller,2
380,1973-01-01,Western,2
381,1974-01-01,Action,1
382,1974-01-01,Adventure,2
383,1974-01-01,Comedy,3
384,1974-01-01,Crime,1
385,1974-01-01,Drama,4
386,1974-01-01,Family,1
387,1974-01-01,Horror,2
388,1974-01-01,Mystery,2
389,1974-01-01,Romance,3
390,1974-01-01,Thriller,3
391,1974-01-01,Western,1
392,1975-01-01,Action,4
393,1975-01-01,Adventure,4
394,1975-01-01,Biography,1
395,1975-01-01,Comedy,5
396,1975-01-01,Crime,4
397,1975-01-01,Drama,7
398,1975-01-01,Fantasy,1
399,1975-01-01,History,1
400,1975-01-01,Mystery,1
401,1975-01-01,Romance,1
402,1975-01-01,Sci-Fi,1
403,1975-01-01,Thriller,1
404,1976-01-01,Action,1
405,1976-01-01,Adventure,2
406,1976-01-01,Biography,1
407,1976-01-01,Comedy,3
408,1976-01-01,Crime,1
409,1976-01-01,Drama,6
410,1976-01-01,Family,1
411,1976-01-01,Horror,2
412,1976-01-01,Romance,1
413,1976-01-01,Sci-Fi,2
414,1976-01-01,Sport,1
415,1976-01-01,Thriller,1
416,1977-01-01,Action,3
417,1977-01-01,Adventure,4
418,1977-01-01,Comedy,3
419,1977-01-01,Drama,6
420,1977-01-01,Fantasy,2
421,1977-01-01,History,1
422,1977-01-01,Horror,3
423,1977-01-01,Music,1
424,1977-01-01,Musical,1
425,1977-01-01,Romance,1
426,1977-01-01,Sci-Fi,3
427,1977-01-01,Thriller,3
428,1977-01-01,War,2
429,1978-01-01,Action,4
430,1978-01-01,Adventure,4
431,1978-01-01,Comedy,1
432,1978-01-01,Crime,2
433,1978-01-01,Documentary,1
434,1978-01-01,Drama,7
435,1978-01-01,Family,1
436,1978-01-01,Fantasy,1
437,1978-01-01,History,1
438,1978-01-01,Horror,4
439,1978-01-01,Music,1
440,1978-01-01,Musical,1
441,1978-01-01,Romance,2
442,1978-01-01,Sci-Fi,1
443,1978-01-01,Thriller,4
444,1978-01-01,War,2
445,1979-01-01,Action,5
446,1979-01-01,Adventure,6
447,1979-01-01,Biography,1
448,1979-01-01,Comedy,5
449,1979-01-01,Crime,3
450,1979-01-01,Drama,8
451,1979-01-01,Family,2
452,1979-01-01,Horror,2
453,1979-01-01,Music,2
454,1979-01-01,Mystery,1
455,1979-01-01,Romance,2
456,1979-01-01,Sci-Fi,8
457,1979-01-01,Sport,2
458,1979-01-01,War,2
459,1980-01-01,Action,6
460,1980-01-01,Adventure,6
461,1980-01-01,Biography,5
462,1980-01-01,Comedy,6
463,1980-01-01,Crime,1
464,1980-01-01,Drama,11
465,1980-01-01,Fantasy,3
466,1980-01-01,History,1
467,1980-01-01,Horror,2
468,1980-01-01,Music,1
469,1980-01-01,Musical,1
470,1980-01-01,Mystery,1
471,1980-01-01,Romance,2
472,1980-01-01,Sci-Fi,3
473,1980-01-01,Sport,2
474,1980-01-01,Thriller,3
475,1980-01-01,War,1
476,1980-01-01,Western,2
477,1981-01-01,Action,7
478,1981-01-01,Adventure,12
479,1981-01-01,Animation,1
480,1981-01-01,Biography,3
481,1981-01-01,Comedy,7
482,1981-01-01,Crime,3
483,1981-01-01,Drama,8
484,1981-01-01,Fantasy,4
485,1981-01-01,History,3
486,1981-01-01,Horror,6
487,1981-01-01,Mystery,4
488,1981-01-01,Sci-Fi,4
489,1981-01-01,Sport,1
490,1981-01-01,Thriller,9
491,1981-01-01,War,1
492,1981-01-01,Western,1
493,1982-01-01,Action,6
494,1982-01-01,Adventure,6
495,1982-01-01,Animation,1
496,1982-01-01,Biography,1
497,1982-01-01,Comedy,6
498,1982-01-01,Crime,2
499,1982-01-01,Drama,10
500,1982-01-01,Family,2
501,1982-01-01,Fantasy,6
502,1982-01-01,History,1
503,1982-01-01,Horror,6
504,1982-01-01,Music,1
505,1982-01-01,Musical,1
506,1982-01-01,Mystery,2
507,1982-01-01,Romance,1
508,1982-01-01,Sci-Fi,7
509,1982-01-01,Thriller,5
510,1982-01-01,Western,1
511,1983-01-01,Action,7
512,1983-01-01,Adventure,7
513,1983-01-01,Biography,1
514,1983-01-01,Comedy,7
515,1983-01-01,Crime,3
516,1983-01-01,Drama,11
517,1983-01-01,Family,1
518,1983-01-01,Fantasy,3
519,1983-01-01,Horror,3
520,1983-01-01,Music,1
521,1983-01-01,Musical,1
522,1983-01-01,Romance,4
523,1983-01-01,Sci-Fi,7
524,1983-01-01,Thriller,5
525,1984-01-01,Action,14
526,1984-01-01,Adventure,12
527,1984-01-01,Animation,1
528,1984-01-01,Biography,1
529,1984-01-01,Comedy,8
530,1984-01-01,Crime,4
531,1984-01-01,Drama,12
532,1984-01-01,Family,2
533,1984-01-01,Fantasy,6
534,1984-01-01,History,2
535,1984-01-01,Horror,8
536,1984-01-01,Music,2
537,1984-01-01,Mystery,1
538,1984-01-01,Romance,2
539,1984-01-01,Sci-Fi,6
540,1984-01-01,Thriller,3
541,1985-01-01,Action,12
542,1985-01-01,Adventure,9
543,1985-01-01,Biography,1
544,1985-01-01,Comedy,6
545,1985-01-01,Crime,3
546,1985-01-01,Drama,13
547,1985-01-01,Family,1
548,1985-01-01,Fantasy,3
549,1985-01-01,Horror,5
550,1985-01-01,Music,1
551,1985-01-01,Mystery,3
552,1985-01-01,Romance,4
553,1985-01-01,Sci-Fi,4
554,1985-01-01,Thriller,8
555,1985-01-01,War,1
556,1985-01-01,Western,1
557,1986-01-01,Action,8
558,1986-01-01,Adventure,10
559,1986-01-01,Comedy,10
560,1986-01-01,Crime,3
561,1986-01-01,Drama,10
562,1986-01-01,Family,1
563,1986-01-01,Fantasy,3
564,1986-01-01,History,1
565,1986-01-01,Horror,6
566,1986-01-01,Musical,1
567,1986-01-01,Mystery,2
568,1986-01-01,Romance,5
569,1986-01-01,Sci-Fi,3
570,1986-01-01,Sport,1
571,1986-01-01,Thriller,2
572,1986-01-01,War,1
573,1987-01-01,Action,12
574,1987-01-01,Adventure,9
575,1987-01-01,Animation,1
576,1987-01-01,Biography,4
577,1987-01-01,Comedy,14
578,1987-01-01,Crime,5
579,1987-01-01,Drama,15
580,1987-01-01,Family,3
581,1987-01-01,Fantasy,6
582,1987-01-01,History,2
583,1987-01-01,Horror,9
584,1987-01-01,Music,1
585,1987-01-01,Romance,1
586,1987-01-01,Sci-Fi,4
587,1987-01-01,Thriller,8
588,1987-01-01,War,1
589,1988-01-01,Action,12
590,1988-01-01,Adventure,5
591,1988-01-01,Animation,4
592,1988-01-01,Biography,1
593,1988-01-01,Comedy,11
594,1988-01-01,Crime,5
595,1988-01-01,Drama,17
596,1988-01-01,Family,2
597,1988-01-01,Fantasy,5
598,1988-01-01,Horror,9
599,1988-01-01,Musical,2
600,1988-01-01,Mystery,1
601,1988-01-01,Romance,3
602,1988-01-01,Sci-Fi,3
603,1988-01-01,Thriller,7
604,1988-01-01,War,1
605,1989-01-01,Action,11
606,1989-01-01,Adventure,9
607,1989-01-01,Biography,3
608,1989-01-01,Comedy,14
609,1989-01-01,Crime,5
610,1989-01-01,Documentary,1
611,1989-01-01,Drama,13
612,1989-01-01,Family,1
613,1989-01-01,Fantasy,5
614,1989-01-01,History,1
615,1989-01-01,Horror,6
616,1989-01-01,Music,1
617,1989-01-01,Musical,1
618,1989-01-01,Mystery,1
619,1989-01-01,Romance,3
620,1989-01-01,Sci-Fi,3
621,1989-01-01,Sport,2
622,1989-01-01,Thriller,6
623,1989-01-01,War,1
624,1990-01-01,Action,10
625,1990-01-01,Adventure,7
626,1990-01-01,Comedy,11
627,1990-01-01,Crime,4
628,1990-01-01,Drama,11
629,1990-01-01,Family,3
630,1990-01-01,Fantasy,5
631,1990-01-01,Horror,9
632,1990-01-01,Music,1
633,1990-01-01,Musical,1
634,1990-01-01,Romance,5
635,1990-01-01,Sci-Fi,4
636,1990-01-01,Short,1
637,1990-01-01,Sport,1
638,1990-01-01,Thriller,4
639,1990-01-01,Western,1
640,1991-01-01,Action,11
641,1991-01-01,Adventure,8
642,1991-01-01,Animation,1
643,1991-01-01,Biography,1
644,1991-01-01,Comedy,12
645,1991-01-01,Crime,10
646,1991-01-01,Drama,18
647,1991-01-01,Family,3
648,1991-01-01,Fantasy,5
649,1991-01-01,History,1
650,1991-01-01,Horror,1
651,1991-01-01,Music,3
652,1991-01-01,Romance,3
653,1991-01-01,Sci-Fi,2
654,1991-01-01,Thriller,5
655,1992-01-01,Action,10
656,1992-01-01,Adventure,4
657,1992-01-01,Animation,1
658,1992-01-01,Biography,2
659,1992-01-01,Comedy,13
660,1992-01-01,Crime,10
661,1992-01-01,Drama,20
662,1992-01-01,Family,4
663,1992-01-01,Fantasy,2
664,1992-01-01,History,1
665,1992-01-01,Horror,7
666,1992-01-01,Music,2
667,1992-01-01,Musical,2
668,1992-01-01,Mystery,1
669,1992-01-01,Romance,8
670,1992-01-01,Sci-Fi,4
671,1992-01-01,Thriller,7
672,1992-01-01,Western,1
673,1993-01-01,Action,12
674,1993-01-01,Adventure,10
675,1993-01-01,Animation,2
676,1993-01-01,Biography,6
677,1993-01-01,Comedy,14
678,1993-01-01,Crime,11
679,1993-01-01,Drama,30
680,1993-01-01,Family,6
681,1993-01-01,Fantasy,7
682,1993-01-01,History,2
683,1993-01-01,Horror,4
684,1993-01-01,Music,3
685,1993-01-01,Musical,1
686,1993-01-01,Mystery,2
687,1993-01-01,Romance,10
688,1993-01-01,Sci-Fi,2
689,1993-01-01,Sport,1
690,1993-01-01,Thriller,8
691,1993-01-01,War,1
692,1994-01-01,Action,19
693,1994-01-01,Adventure,10
694,1994-01-01,Animation,1
695,1994-01-01,Biography,3
696,1994-01-01,Comedy,32
697,1994-01-01,Crime,19
698,1994-01-01,Documentary,1
699,1994-01-01,Drama,30
700,1994-01-01,Family,7
701,1994-01-01,Fantasy,7
702,1994-01-01,Horror,3
703,1994-01-01,Music,1
704,1994-01-01,Musical,1
705,1994-01-01,Mystery,3
706,1994-01-01,Romance,9
707,1994-01-01,Sci-Fi,2
708,1994-01-01,Sport,1
709,1994-01-01,Thriller,7
710,1994-01-01,War,1
711,1995-01-01,Action,27
712,1995-01-01,Adventure,14
713,1995-01-01,Animation,2
714,1995-01-01,Biography,4
715,1995-01-01,Comedy,27
716,1995-01-01,Crime,23
717,1995-01-01,Drama,44
718,1995-01-01,Family,4
719,1995-01-01,Fantasy,6
720,1995-01-01,History,5
721,1995-01-01,Horror,5
722,1995-01-01,Music,1
723,1995-01-01,Musical,3
724,1995-01-01,Mystery,5
725,1995-01-01,Romance,17
726,1995-01-01,Sci-Fi,5
727,1995-01-01,Thriller,17
728,1995-01-01,War,1
729,1996-01-01,Action,25
730,1996-01-01,Adventure,18
731,1996-01-01,Animation,3
732,1996-01-01,Biography,4
733,1996-01-01,Comedy,42
734,1996-01-01,Crime,25
735,1996-01-01,Drama,64
736,1996-01-01,Family,7
737,1996-01-01,Fantasy,5
738,1996-01-01,History,4
739,1996-01-01,Horror,7
740,1996-01-01,Music,3
741,1996-01-01,Musical,1
742,1996-01-01,Mystery,6
743,1996-01-01,Romance,18
744,1996-01-01,Sci-Fi,8
745,1996-01-01,Sport,4
746,1996-01-01,Thriller,19
747,1996-01-01,War,1
748,1997-01-01,Action,37
749,1997-01-01,Adventure,21
750,1997-01-01,Animation,4
751,1997-01-01,Biography,6
752,1997-01-01,Comedy,44
753,1997-01-01,Crime,27
754,1997-01-01,Documentary,1
755,1997-01-01,Drama,67
756,1997-01-01,Family,9
757,1997-01-01,Fantasy,7
758,1997-01-01,History,2
759,1997-01-01,Horror,9
760,1997-01-01,Music,2
761,1997-01-01,Musical,2
762,1997-01-01,Mystery,15
763,1997-01-01,Romance,17
764,1997-01-01,Sci-Fi,17
765,1997-01-01,Thriller,19
766,1997-01-01,War,3
767,1998-01-01,Action,27
768,1998-01-01,Adventure,20
769,1998-01-01,Animation,6
770,1998-01-01,Biography,5
771,1998-01-01,Comedy,68
772,1998-01-01,Crime,27
773,1998-01-01,Drama,81
774,1998-01-01,Family,8
775,1998-01-01,Fantasy,8
776,1998-01-01,History,4
777,1998-01-01,Horror,12
778,1998-01-01,Music,6
779,1998-01-01,Musical,2
780,1998-01-01,Mystery,10
781,1998-01-01,Romance,28
782,1998-01-01,Sci-Fi,8
783,1998-01-01,Sport,3
784,1998-01-01,Thriller,13
785,1998-01-01,War,4
786,1998-01-01,Western,1
787,1999-01-01,Action,28
788,1999-01-01,Adventure,20
789,1999-01-01,Animation,6
790,1999-01-01,Biography,10
791,1999-01-01,Comedy,84
792,1999-01-01,Crime,27
793,1999-01-01,Documentary,1
794,1999-01-01,Drama,97
795,1999-01-01,Family,10
796,1999-01-01,Fantasy,13
797,1999-01-01,History,3
798,1999-01-01,Horror,12
799,1999-01-01,Music,3
800,1999-01-01,Musical,1
801,1999-01-01,Mystery,17
802,1999-01-01,Romance,42
803,1999-01-01,Sci-Fi,13
804,1999-01-01,Sport,6
805,1999-01-01,Thriller,31
806,1999-01-01,War,3
807,2000-01-01,Action,35
808,2000-01-01,Adventure,34
809,2000-01-01,Animation,11
810,2000-01-01,Biography,7
811,2000-01-01,Comedy,76
812,2000-01-01,Crime,36
813,2000-01-01,Documentary,2
814,2000-01-01,Drama,88
815,2000-01-01,Family,9
816,2000-01-01,Fantasy,15
817,2000-01-01,History,3
818,2000-01-01,Horror,16
819,2000-01-01,Music,8
820,2000-01-01,Musical,3
821,2000-01-01,Mystery,12
822,2000-01-01,Romance,39
823,2000-01-01,Sci-Fi,13
824,2000-01-01,Sport,7
825,2000-01-01,Thriller,25
826,2000-01-01,War,1
827,2000-01-01,Western,2
828,2001-01-01,Action,42
829,2001-01-01,Adventure,31
830,2001-01-01,Animation,9
831,2001-01-01,Biography,8
832,2001-01-01,Comedy,90
833,2001-01-01,Crime,45
834,2001-01-01,Documentary,4
835,2001-01-01,Drama,95
836,2001-01-01,Family,8
837,2001-01-01,Fantasy,15
838,2001-01-01,History,3
839,2001-01-01,Horror,11
840,2001-01-01,Music,8
841,2001-01-01,Musical,4
842,2001-01-01,Mystery,21
843,2001-01-01,Romance,44
844,2001-01-01,Sci-Fi,12
845,2001-01-01,Sport,6
846,2001-01-01,Thriller,25
847,2001-01-01,War,3
848,2001-01-01,Western,1
849,2002-01-01,Action,43
850,2002-01-01,Adventure,37
851,2002-01-01,Animation,10
852,2002-01-01,Biography,10
853,2002-01-01,Comedy,82
854,2002-01-01,Crime,51
855,2002-01-01,Documentary,5
856,2002-01-01,Drama,123
857,2002-01-01,Family,16
858,2002-01-01,Fantasy,11
859,2002-01-01,History,5
860,2002-01-01,Horror,16
861,2002-01-01,Music,6
862,2002-01-01,Musical,4
863,2002-01-01,Mystery,23
864,2002-01-01,Romance,47
865,2002-01-01,Sci-Fi,12
866,2002-01-01,Sport,5
867,2002-01-01,Thriller,34
868,2002-01-01,War,4
869,2003-01-01,Action,42
870,2003-01-01,Adventure,36
871,2003-01-01,Animation,6
872,2003-01-01,Biography,10
873,2003-01-01,Comedy,79
874,2003-01-01,Crime,39
875,2003-01-01,Documentary,5
876,2003-01-01,Drama,94
877,2003-01-01,Family,13
878,2003-01-01,Fantasy,18
879,2003-01-01,History,6
880,2003-01-01,Horror,15
881,2003-01-01,Music,6
882,2003-01-01,Musical,3
883,2003-01-01,Mystery,16
884,2003-01-01,Romance,36
885,2003-01-01,Sci-Fi,9
886,2003-01-01,Sport,2
887,2003-01-01,Thriller,22
888,2003-01-01,War,1
889,2003-01-01,Western,1
890,2004-01-01,Action,44
891,2004-01-01,Adventure,34
892,2004-01-01,Animation,11
893,2004-01-01,Biography,15
894,2004-01-01,Comedy,98
895,2004-01-01,Crime,36
896,2004-01-01,Documentary,9
897,2004-01-01,Drama,111
898,2004-01-01,Family,22
899,2004-01-01,Fantasy,9
900,2004-01-01,History,6
901,2004-01-01,Horror,20
902,2004-01-01,Music,11
903,2004-01-01,Musical,3
904,2004-01-01,Mystery,18
905,2004-01-01,Romance,59
906,2004-01-01,Sci-Fi,15
907,2004-01-01,Sport,6
908,2004-01-01,Thriller,27
909,2004-01-01,War,5
910,2005-01-01,Action,46
911,2005-01-01,Adventure,41
912,2005-01-01,Animation,8
913,2005-01-01,Biography,12
914,2005-01-01,Comedy,88
915,2005-01-01,Crime,41
916,2005-01-01,Documentary,10
917,2005-01-01,Drama,123
918,2005-01-01,Family,22
919,2005-01-01,Fantasy,15
920,2005-01-01,History,9
921,2005-01-01,Horror,25
922,2005-01-01,Music,11
923,2005-01-01,Musical,7
924,2005-01-01,Mystery,20
925,2005-01-01,Romance,45
926,2005-01-01,Sci-Fi,6
927,2005-01-01,Sport,13
928,2005-01-01,Thriller,28
929,2005-01-01,War,5
930,2005-01-01,Western,3
931,2006-01-01,Action,41
932,2006-01-01,Adventure,38
933,2006-01-01,Animation,17
934,2006-01-01,Biography,16
935,2006-01-01,Comedy,103
936,2006-01-01,Crime,43
937,2006-01-01,Documentary,9
938,2006-01-01,Drama,131
939,2006-01-01,Family,24
940,2006-01-01,Fantasy,18
941,2006-01-01,History,11
942,2006-01-01,Horror,21
943,2006-01-01,Music,8
944,2006-01-01,Musical,4
945,2006-01-01,Mystery,16
946,2006-01-01,Romance,39
947,2006-01-01,Sci-Fi,14
948,2006-01-01,Short,1
949,2006-01-01,Sport,14
950,2006-01-01,Thriller,33
951,2006-01-01,War,6
952,2006-01-01,Western,1
953,2007-01-01,Action,37
954,2007-01-01,Adventure,32
955,2007-01-01,Animation,11
956,2007-01-01,Biography,19
957,2007-01-01,Comedy,80
958,2007-01-01,Crime,37
959,2007-01-01,Documentary,7
960,2007-01-01,Drama,108
961,2007-01-01,Family,20
962,2007-01-01,Fantasy,19
963,2007-01-01,History,11
964,2007-01-01,Horror,26
965,2007-01-01,Music,9
966,2007-01-01,Musical,2
967,2007-01-01,Mystery,18
968,2007-01-01,Romance,40
969,2007-01-01,Sci-Fi,9
970,2007-01-01,Short,2
971,2007-01-01,Sport,10
972,2007-01-01,Thriller,38
973,2007-01-01,War,4
974,2007-01-01,Western,2
975,2008-01-01,Action,51
976,2008-01-01,Adventure,44
977,2008-01-01,Animation,14
978,2008-01-01,Biography,17
979,2008-01-01,Comedy,87
980,2008-01-01,Crime,38
981,2008-01-01,Documentary,9
982,2008-01-01,Drama,121
983,2008-01-01,Family,20
984,2008-01-01,Fantasy,17
985,2008-01-01,History,11
986,2008-01-01,Horror,21
987,2008-01-01,Music,10
988,2008-01-01,Musical,4
989,2008-01-01,Mystery,21
990,2008-01-01,Romance,45
991,2008-01-01,Sci-Fi,17
992,2008-01-01,Short,1
993,2008-01-01,Sport,6
994,2008-01-01,Thriller,30
995,2008-01-01,War,9
996,2009-01-01,Action,52
997,2009-01-01,Adventure,42
998,2009-01-01,Animation,16
999,2009-01-01,Biography,15
1000,2009-01-01,Comedy,99
1001,2009-01-01,Crime,39
1002,2009-01-01,Documentary,5
1003,2009-01-01,Drama,135
1004,2009-01-01,Family,20
1005,2009-01-01,Fantasy,19
1006,2009-01-01,History,4
1007,2009-01-01,Horror,30
1008,2009-01-01,Music,11
1009,2009-01-01,Musical,3
1010,2009-01-01,Mystery,27
1011,2009-01-01,News,1
1012,2009-01-01,Romance,55
1013,2009-01-01,Sci-Fi,20
1014,2009-01-01,Sport,5
1015,2009-01-01,Thriller,43
1016,2009-01-01,War,5
1017,2010-01-01,Action,58
1018,2010-01-01,Adventure,37
1019,2010-01-01,Animation,13
1020,2010-01-01,Biography,12
1021,2010-01-01,Comedy,102
1022,2010-01-01,Crime,35
1023,2010-01-01,Documentary,7
1024,2010-01-01,Drama,126
1025,2010-01-01,Family,23
1026,2010-01-01,Fantasy,21
1027,2010-01-01,History,4
1028,2010-01-01,Horror,25
1029,2010-01-01,Music,7
1030,2010-01-01,Musical,3
1031,2010-01-01,Mystery,13
1032,2010-01-01,Romance,52
1033,2010-01-01,Sci-Fi,14
1034,2010-01-01,Sport,2
1035,2010-01-01,Thriller,37
1036,2010-01-01,War,5
1037,2010-01-01,Western,3
1038,2011-01-01,Action,61
1039,2011-01-01,Adventure,44
1040,2011-01-01,Animation,17
1041,2011-01-01,Biography,15
1042,2011-01-01,Comedy,90
1043,2011-01-01,Crime,32
1044,2011-01-01,Documentary,8
1045,2011-01-01,Drama,116
1046,2011-01-01,Family,13
1047,2011-01-01,Fantasy,17
1048,2011-01-01,History,6
1049,2011-01-01,Horror,25
1050,2011-01-01,Music,5
1051,2011-01-01,Musical,2
1052,2011-01-01,Mystery,20
1053,2011-01-01,Romance,35
1054,2011-01-01,Sci-Fi,19
1055,2011-01-01,Sport,3
1056,2011-01-01,Thriller,44
1057,2011-01-01,War,6
1058,2011-01-01,Western,2
1059,2012-01-01,Action,50
1060,2012-01-01,Adventure,36
1061,2012-01-01,Animation,13
1062,2012-01-01,Biography,11
1063,2012-01-01,Comedy,95
1064,2012-01-01,Crime,38
1065,2012-01-01,Documentary,8
1066,2012-01-01,Drama,106
1067,2012-01-01,Family,12
1068,2012-01-01,Fantasy,17
1069,2012-01-01,History,5
1070,2012-01-01,Horror,38
1071,2012-01-01,Music,8
1072,2012-01-01,Musical,4
1073,2012-01-01,Mystery,17
1074,2012-01-01,Romance,37
1075,2012-01-01,Sci-Fi,18
1076,2012-01-01,Short,1
1077,2012-01-01,Sport,5
1078,2012-01-01,Thriller,40
1079,2012-01-01,War,2
1080,2012-01-01,Western,2
1081,2013-01-01,Action,58
1082,2013-01-01,Adventure,52
1083,2013-01-01,Animation,17
1084,2013-01-01,Biography,18
1085,2013-01-01,Comedy,82
1086,2013-01-01,Crime,42
1087,2013-01-01,Documentary,9
1088,2013-01-01,Drama,132
1089,2013-01-01,Family,13
1090,2013-01-01,Fantasy,17
1091,2013-01-01,History,7
1092,2013-01-01,Horror,29
1093,2013-01-01,Music,10
1094,2013-01-01,Musical,2
1095,2013-01-01,Mystery,14
1096,2013-01-01,Romance,33
1097,2013-01-01,Sci-Fi,24
1098,2013-01-01,Sport,4
1099,2013-01-01,Thriller,43
1100,2013-01-01,War,2
1101,2013-01-01,Western,1
1102,2014-01-01,Action,75
1103,2014-01-01,Adventure,47
1104,2014-01-01,Animation,16
1105,2014-01-01,Biography,23
1106,2014-01-01,Comedy,71
1107,2014-01-01,Crime,38
1108,2014-01-01,Documentary,11
1109,2014-01-01,Drama,136
1110,2014-01-01,Family,14
1111,2014-01-01,Fantasy,17
1112,2014-01-01,History,8
1113,2014-01-01,Horror,21
1114,2014-01-01,Music,11
1115,2014-01-01,Musical,3
1116,2014-01-01,Mystery,26
1117,2014-01-01,News,1
1118,2014-01-01,Romance,34
1119,2014-01-01,Sci-Fi,26
1120,2014-01-01,Sport,5
1121,2014-01-01,Thriller,54
1122,2014-01-01,War,4
1123,2014-01-01,Western,4
1124,2015-01-01,Action,68
1125,2015-01-01,Adventure,46
1126,2015-01-01,Animation,13
1127,2015-01-01,Biography,19
1128,2015-01-01,Comedy,63
1129,2015-01-01,Crime,42
1130,2015-01-01,Documentary,6
1131,2015-01-01,Drama,116
1132,2015-01-01,Family,15
1133,2015-01-01,Fantasy,9
1134,2015-01-01,History,12
1135,2015-01-01,Horror,34
1136,2015-01-01,Music,6
1137,2015-01-01,Musical,3
1138,2015-01-01,Mystery,27
1139,2015-01-01,Romance,28
1140,2015-01-01,Sci-Fi,21
1141,2015-01-01,Sport,7
1142,2015-01-01,Thriller,48
1143,2015-01-01,War,1
1144,2015-01-01,Western,5
1145,2016-01-01,Action,52
1146,2016-01-01,Adventure,35
1147,2016-01-01,Animation,7
1148,2016-01-01,Biography,16
1149,2016-01-01,Comedy,35
1150,2016-01-01,Crime,20
1151,2016-01-01,Drama,68
1152,2016-01-01,Family,11
1153,2016-01-01,Fantasy,13
1154,2016-01-01,History,6
1155,2016-01-01,Horror,19
1156,2016-01-01,Music,1
1157,2016-01-01,Musical,3
1158,2016-01-01,Mystery,10
1159,2016-01-01,Romance,15
1160,2016-01-01,Sci-Fi,10
1161,2016-01-01,Sport,6
1162,2016-01-01,Thriller,18
1163,2016-01-01,War,1
1164,2017-01-01,Action,11
1165,2017-01-01,Adventure,5
1166,2017-01-01,Comedy,4
1167,2017-01-01,Crime,3
1168,2017-01-01,Drama,12
1169,2017-01-01,Family,1
1170,2017-01-01,Fantasy,2
1171,2017-01-01,History,1
1172,2017-01-01,Horror,1
1173,2017-01-01,Music,2
1174,2017-01-01,Musical,1
1175,2017-01-01,Mystery,1
1176,2017-01-01,Romance,2
1177,2017-01-01,Sci-Fi,3
1178,2017-01-01,Thriller,2
1179,2017-01-01,War,1
