,Year,Genre,Avg_IMDB_Rating,Avg_Metascore,Total_BoxOffice
0,1916-01-01,Drama,8.0,,0.0
1,1916-01-01,History,8.0,,0.0
2,1920-01-01,Crime,5.6,,0.0
3,1920-01-01,Drama,5.6,,0.0
4,1921-01-01,Comedy,8.3,,0.0
5,1921-01-01,Drama,8.3,,0.0
6,1921-01-01,Family,8.3,,0.0
7,1925-01-01,Adventure,8.2,,0.0
8,1925-01-01,Comedy,8.2,,0.0
9,1925-01-01,Drama,8.25,,0.0
10,1925-01-01,Romance,8.3,,0.0
11,1925-01-01,War,8.3,,0.0
12,1926-01-01,Action,8.2,,0.0
13,1926-01-01,Adventure,8.2,,0.0
14,1926-01-01,Comedy,8.2,,0.0
15,1927-01-01,Drama,8.3,98.0,529603.0
16,1927-01-01,Romance,8.3,,0.0
17,1927-01-01,Sci-Fi,8.3,98.0,529603.0
18,1928-01-01,Biography,8.3,,0.0
19,1928-01-01,Drama,8.3,,0.0
20,1928-01-01,History,8.3,,0.0
21,1929-01-01,Crime,8.0,,0.0
22,1929-01-01,Drama,7.15,,0.0
23,1929-01-01,Musical,6.3,,0.0
24,1929-01-01,Romance,7.15,,0.0
25,1930-01-01,Drama,7.949999999999999,,0.0
26,1930-01-01,War,7.949999999999999,,0.0
27,1931-01-01,Comedy,8.6,,0.0
28,1931-01-01,Crime,8.4,,17599.0
29,1931-01-01,Drama,8.5,,17599.0
30,1931-01-01,Mystery,8.4,,17599.0
31,1931-01-01,Romance,8.6,,0.0
32,1932-01-01,Drama,6.6,,0.0
33,1932-01-01,Romance,6.6,,0.0
34,1932-01-01,War,6.6,,0.0
35,1933-01-01,Comedy,7.05,,0.0
36,1933-01-01,Drama,6.5,,0.0
37,1933-01-01,History,6.5,,0.0
38,1933-01-01,Musical,7.6,,0.0
39,1933-01-01,Romance,7.6,,0.0
40,1934-01-01,Comedy,8.2,,0.0
41,1934-01-01,Romance,8.2,,0.0
42,1935-01-01,Comedy,7.949999999999999,,0.0
43,1935-01-01,Music,8.1,,0.0
44,1935-01-01,Musical,7.949999999999999,,0.0
45,1935-01-01,Romance,7.8,,0.0
46,1936-01-01,Action,7.1,,0.0
47,1936-01-01,Adventure,7.1,,0.0
48,1936-01-01,Comedy,8.5,96.0,0.0
49,1936-01-01,Drama,8.5,96.0,0.0
50,1936-01-01,Family,8.5,96.0,0.0
51,1936-01-01,Romance,7.1,,0.0
52,1937-01-01,Adventure,7.7,,0.0
53,1937-01-01,Animation,7.6,,0.0
54,1937-01-01,Drama,7.7,,0.0
55,1937-01-01,Family,7.6,,0.0
56,1937-01-01,Fantasy,7.6,,0.0
57,1937-01-01,Romance,7.7,,0.0
58,1938-01-01,Comedy,8.0,,0.0
59,1938-01-01,Drama,7.5,,0.0
60,1938-01-01,Musical,7.0,,0.0
61,1938-01-01,Romance,7.5,,0.0
62,1939-01-01,Adventure,8.1,100.0,3840702.0
63,1939-01-01,Comedy,8.2,,0.0
64,1939-01-01,Drama,8.2,97.0,0.0
65,1939-01-01,Family,8.1,100.0,3840702.0
66,1939-01-01,Fantasy,8.1,100.0,3840702.0
67,1939-01-01,History,8.2,97.0,0.0
68,1939-01-01,Romance,8.2,97.0,0.0
69,1940-01-01,Adventure,7.1,,0.0
70,1940-01-01,Animation,7.65,,0.0
71,1940-01-01,Comedy,8.0,,0.0
72,1940-01-01,Drama,7.733333333333333,,0.0
73,1940-01-01,Family,7.266666666666667,,0.0
74,1940-01-01,Fantasy,7.15,,0.0
75,1940-01-01,History,8.1,,0.0
76,1940-01-01,Mystery,8.2,,0.0
77,1940-01-01,Romance,7.824999999999999,,0.0
78,1940-01-01,War,8.5,,0.0
79,1941-01-01,Drama,8.1,100.0,0.0
80,1941-01-01,Family,7.8,,0.0
81,1941-01-01,Film-Noir,8.1,,0.0
82,1941-01-01,Mystery,8.25,100.0,0.0
83,1942-01-01,Animation,7.3,,0.0
84,1942-01-01,Drama,7.9,100.0,0.0
85,1942-01-01,Family,7.3,,0.0
86,1942-01-01,Romance,8.5,100.0,0.0
87,1942-01-01,War,8.5,100.0,0.0
88,1943-01-01,Drama,7.0,,0.0
89,1943-01-01,Romance,7.0,,0.0
90,1943-01-01,War,7.0,,0.0
91,1944-01-01,Comedy,7.25,,0.0
92,1944-01-01,Crime,6.2,,0.0
93,1944-01-01,Drama,6.233333333333334,,0.0
94,1944-01-01,Film-Noir,8.2,,0.0
95,1944-01-01,Musical,6.5,,0.0
96,1944-01-01,Mystery,8.1,,0.0
97,1944-01-01,Thriller,8.0,,0.0
98,1945-01-01,Comedy,7.1,,0.0
99,1945-01-01,Drama,7.65,,0.0
100,1945-01-01,Film-Noir,7.8,,0.0
101,1945-01-01,Musical,7.1,,0.0
102,1945-01-01,Mystery,7.6,,0.0
103,1945-01-01,Romance,7.85,,0.0
104,1946-01-01,Crime,8.0,,0.0
105,1946-01-01,Drama,7.9,89.0,0.0
106,1946-01-01,Family,8.6,89.0,0.0
107,1946-01-01,Fantasy,8.6,89.0,0.0
108,1946-01-01,Film-Noir,8.0,,0.0
109,1946-01-01,Mystery,8.0,,0.0
110,1946-01-01,Romance,7.666666666666667,,0.0
111,1946-01-01,War,8.1,,0.0
112,1946-01-01,Western,6.9,,0.0
113,1947-01-01,Adventure,6.3,,0.0
114,1947-01-01,Crime,7.9,,0.0
115,1947-01-01,Drama,7.375,,0.0
116,1947-01-01,Film-Noir,7.9,,0.0
117,1947-01-01,Romance,6.85,,0.0
118,1948-01-01,Action,7.8,,0.0
119,1948-01-01,Adventure,7.733333333333333,,0.0
120,1948-01-01,Comedy,7.1,,0.0
121,1948-01-01,Crime,7.5,,0.0
122,1948-01-01,Drama,7.9,,0.0
123,1948-01-01,Musical,7.1,,0.0
124,1948-01-01,Romance,7.8,,0.0
125,1948-01-01,Thriller,8.0,,0.0
126,1948-01-01,Western,8.3,,0.0
127,1949-01-01,Action,7.2,,0.0
128,1949-01-01,Comedy,8.1,,0.0
129,1949-01-01,Crime,8.1,,0.0
130,1949-01-01,Drama,7.2,,0.0
131,1949-01-01,Film-Noir,8.3,,0.0
132,1949-01-01,Mystery,8.3,,0.0
133,1949-01-01,Romance,7.2,,0.0
134,1949-01-01,Thriller,8.3,,0.0
135,1949-01-01,Western,7.4,,0.0
136,1950-01-01,Biography,7.0,77.0,0.0
137,1950-01-01,Comedy,7.5,77.0,0.0
138,1950-01-01,Crime,8.3,,0.0
139,1950-01-01,Drama,8.275,,0.0
140,1950-01-01,Fantasy,8.0,,0.0
141,1950-01-01,Film-Noir,8.5,,0.0
142,1950-01-01,Musical,7.0,77.0,0.0
143,1950-01-01,Mystery,8.3,,0.0
144,1951-01-01,Biography,7.2,,0.0
145,1951-01-01,Crime,8.0,,0.0
146,1951-01-01,Drama,7.3999999999999995,,0.0
147,1951-01-01,Family,7.0,,0.0
148,1951-01-01,Film-Noir,8.0,,0.0
149,1951-01-01,History,7.2,,0.0
150,1951-01-01,Musical,7.0,,0.0
151,1951-01-01,Thriller,8.0,,0.0
152,1952-01-01,Comedy,8.3,,0.0
153,1952-01-01,Crime,7.2,,0.0
154,1952-01-01,Drama,7.550000000000001,89.0,0.0
155,1952-01-01,Family,6.7,,0.0
156,1952-01-01,Film-Noir,7.2,,0.0
157,1952-01-01,Musical,8.3,,0.0
158,1952-01-01,Romance,7.5,,0.0
159,1952-01-01,Thriller,8.0,89.0,0.0
160,1952-01-01,Western,8.0,89.0,0.0
161,1953-01-01,Adventure,7.449999999999999,,0.0
162,1953-01-01,Comedy,8.1,76.0,0.0
163,1953-01-01,Drama,7.779999999999999,,0.0
164,1953-01-01,Film-Noir,7.1,,0.0
165,1953-01-01,History,6.8,,0.0
166,1953-01-01,Horror,6.7,,0.0
167,1953-01-01,Romance,7.9,76.0,0.0
168,1953-01-01,Sci-Fi,6.7,,0.0
169,1953-01-01,Thriller,7.6499999999999995,,0.0
170,1953-01-01,War,7.85,,0.0
171,1954-01-01,Adventure,7.949999999999999,98.0,0.0
172,1954-01-01,Biography,6.6,,0.0
173,1954-01-01,Crime,8.2,88.0,0.0
174,1954-01-01,Drama,7.675,93.0,0.0
175,1954-01-01,Family,7.2,,0.0
176,1954-01-01,Film-Noir,8.2,,0.0
177,1954-01-01,History,6.6,,0.0
178,1954-01-01,Mystery,8.5,,0.0
179,1954-01-01,Thriller,8.299999999999999,88.0,0.0
180,1955-01-01,Comedy,7.2,,0.0
181,1955-01-01,Crime,8.05,99.0,0.0
182,1955-01-01,Drama,8.175,99.0,0.0
183,1955-01-01,Fantasy,8.2,,0.0
184,1955-01-01,Film-Noir,8.0,99.0,0.0
185,1955-01-01,Horror,8.1,,0.0
186,1955-01-01,Mystery,7.2,,0.0
187,1956-01-01,Adventure,7.4,,0.0
188,1956-01-01,Crime,8.0,,0.0
189,1956-01-01,Drama,7.340000000000001,,0.0
190,1956-01-01,Film-Noir,8.0,,0.0
191,1956-01-01,Romance,6.550000000000001,,0.0
192,1956-01-01,Western,6.2,,0.0
193,1957-01-01,Adventure,8.2,,0.0
194,1957-01-01,Crime,8.65,96.0,0.0
195,1957-01-01,Drama,8.3375,74.5,0.0
196,1957-01-01,Family,8.1,53.0,0.0
197,1957-01-01,Fantasy,8.2,,0.0
198,1957-01-01,Musical,8.1,53.0,0.0
199,1957-01-01,Mystery,8.4,,0.0
200,1957-01-01,Romance,8.2,,0.0
201,1957-01-01,War,8.35,,0.0
202,1958-01-01,Adventure,2.2,,0.0
203,1958-01-01,Crime,8.1,,0.0
204,1958-01-01,Drama,8.1,,0.0
205,1958-01-01,Film-Noir,8.1,,0.0
206,1958-01-01,Horror,2.2,,0.0
207,1958-01-01,Mystery,8.4,,0.0
208,1958-01-01,Romance,8.25,,0.0
209,1958-01-01,Sci-Fi,2.2,,0.0
210,1958-01-01,Thriller,8.4,,0.0
211,1959-01-01,Action,6.2,,0.0
212,1959-01-01,Adventure,6.233333333333333,90.0,0.0
213,1959-01-01,Comedy,5.4,,0.0
214,1959-01-01,Crime,8.1,,0.0
215,1959-01-01,Drama,7.757142857142857,90.0,0.0
216,1959-01-01,Family,2.5,,0.0
217,1959-01-01,Fantasy,2.5,,0.0
218,1959-01-01,History,7.15,90.0,0.0
219,1959-01-01,Mystery,8.25,,0.0
220,1959-01-01,Romance,7.25,,0.0
221,1959-01-01,Sci-Fi,2.2,,0.0
222,1959-01-01,Western,8.0,,0.0
223,1960-01-01,Comedy,8.3,,0.0
224,1960-01-01,Drama,8.100000000000001,,0.0
225,1960-01-01,Horror,5.45,97.0,0.0
226,1960-01-01,Mystery,8.5,97.0,0.0
227,1960-01-01,Romance,8.3,,0.0
228,1960-01-01,Thriller,8.5,97.0,0.0
229,1961-01-01,Action,8.3,,0.0
230,1961-01-01,Comedy,7.3,,0.0
231,1961-01-01,Crime,7.6,,0.0
232,1961-01-01,Drama,7.816666666666666,,0.0
233,1961-01-01,Horror,2.4,,0.0
234,1961-01-01,Musical,7.6,,0.0
235,1961-01-01,Romance,7.4,,0.0
236,1961-01-01,Sci-Fi,2.15,,0.0
237,1961-01-01,Sport,8.0,,0.0
238,1961-01-01,Thriller,8.3,,0.0
239,1961-01-01,War,8.3,,0.0
240,1961-01-01,Western,7.4,,0.0
241,1962-01-01,Action,7.733333333333333,78.0,0.0
242,1962-01-01,Adventure,7.800000000000001,89.0,0.0
243,1962-01-01,Biography,8.3,100.0,0.0
244,1962-01-01,Comedy,2.2,,0.0
245,1962-01-01,Crime,7.95,,0.0
246,1962-01-01,Drama,8.028571428571428,97.0,0.0
247,1962-01-01,History,7.8,,0.0
248,1962-01-01,Horror,6.1,,0.0
249,1962-01-01,Romance,7.6,,0.0
250,1962-01-01,Sci-Fi,4.1,,0.0
251,1962-01-01,Thriller,7.8,86.0,0.0
252,1962-01-01,Western,8.1,,0.0
253,1963-01-01,Action,7.3,85.0,0.0
254,1963-01-01,Adventure,7.283333333333334,85.0,0.0
255,1963-01-01,Biography,7.0,,0.0
256,1963-01-01,Comedy,7.066666666666666,,0.0
257,1963-01-01,Drama,6.833333333333333,,0.0
258,1963-01-01,Fantasy,8.1,,0.0
259,1963-01-01,History,7.3,,0.0
260,1963-01-01,Romance,6.9,,0.0
261,1963-01-01,Sport,3.0,,0.0
262,1963-01-01,Thriller,7.5,85.0,0.0
263,1964-01-01,Action,7.8,,0.0
264,1964-01-01,Adventure,5.15,,0.0
265,1964-01-01,Comedy,6.625,96.0,0.0
266,1964-01-01,Drama,6.4799999999999995,87.0,9248.0
267,1964-01-01,Family,6.066666666666666,,0.0
268,1964-01-01,Fantasy,7.8,,0.0
269,1964-01-01,History,6.7,,0.0
270,1964-01-01,Horror,2.2,,0.0
271,1964-01-01,Music,7.7,96.0,0.0
272,1964-01-01,Musical,7.800000000000001,96.0,0.0
273,1964-01-01,Romance,8.1,87.0,9248.0
274,1964-01-01,Thriller,7.85,,0.0
275,1964-01-01,War,7.300000000000001,,0.0
276,1964-01-01,Western,8.0,,0.0
277,1965-01-01,Action,7.0,,0.0
278,1965-01-01,Adventure,6.9,62.0,0.0
279,1965-01-01,Animation,8.4,,0.0
280,1965-01-01,Biography,7.3,,0.0
281,1965-01-01,Comedy,8.4,,0.0
282,1965-01-01,Crime,7.7,,0.0
283,1965-01-01,Drama,7.5,,0.0
284,1965-01-01,Family,8.0,,0.0
285,1965-01-01,History,6.6,,0.0
286,1965-01-01,Horror,2.3,,0.0
287,1965-01-01,Romance,7.85,,0.0
288,1965-01-01,Sci-Fi,2.3,,0.0
289,1965-01-01,Short,8.4,,0.0
290,1965-01-01,Thriller,7.0,,0.0
291,1965-01-01,War,7.4,62.0,0.0
292,1965-01-01,Western,7.550000000000001,62.0,0.0
293,1966-01-01,Action,3.9,,0.0
294,1966-01-01,Adventure,3.733333333333333,,0.0
295,1966-01-01,Biography,8.100000000000001,,0.0
296,1966-01-01,Comedy,5.2,,0.0
297,1966-01-01,Crime,6.75,,0.0
298,1966-01-01,Drama,7.916666666666667,95.0,55908.0
299,1966-01-01,History,8.100000000000001,,0.0
300,1966-01-01,Horror,1.9,,0.0
301,1966-01-01,Musical,7.0,,0.0
302,1966-01-01,Thriller,5.8,,0.0
303,1966-01-01,War,8.1,95.0,55908.0
304,1966-01-01,Western,8.9,90.0,0.0
305,1967-01-01,Action,6.9,,0.0
306,1967-01-01,Adventure,6.9,,0.0
307,1967-01-01,Biography,8.0,89.0,0.0
308,1967-01-01,Comedy,8.0,77.0,0.0
309,1967-01-01,Crime,7.866666666666667,89.0,0.0
310,1967-01-01,Drama,8.066666666666666,83.0,0.0
311,1967-01-01,Horror,6.0,,0.0
312,1967-01-01,Mystery,6.0,,0.0
313,1967-01-01,Thriller,7.15,,0.0
314,1968-01-01,Adventure,7.1000000000000005,86.0,135620.0
315,1968-01-01,Comedy,6.550000000000001,,0.0
316,1968-01-01,Crime,2.2,,0.0
317,1968-01-01,Drama,6.199999999999999,96.0,0.0
318,1968-01-01,Family,7.35,,0.0
319,1968-01-01,Fantasy,5.9,,0.0
320,1968-01-01,Horror,7.95,96.0,0.0
321,1968-01-01,Music,2.2,,0.0
322,1968-01-01,Musical,7.5,,0.0
323,1968-01-01,Romance,7.1,,0.0
324,1968-01-01,Sci-Fi,7.7,86.0,135620.0
325,1968-01-01,Western,7.033333333333334,80.0,0.0
326,1969-01-01,Action,7.4,,0.0
327,1969-01-01,Adventure,7.4,,0.0
328,1969-01-01,Biography,8.1,58.0,0.0
329,1969-01-01,Comedy,5.866666666666667,,0.0
330,1969-01-01,Crime,7.166666666666667,58.0,0.0
331,1969-01-01,Drama,6.6625,68.5,0.0
332,1969-01-01,Music,7.0,,0.0
333,1969-01-01,Musical,6.6,,0.0
334,1969-01-01,Romance,7.2,,0.0
335,1969-01-01,Thriller,6.433333333333334,,0.0
336,1969-01-01,Western,8.0,,0.0
337,1970-01-01,Action,6.875,,0.0
338,1970-01-01,Adventure,6.1,,0.0
339,1970-01-01,Biography,7.65,91.0,0.0
340,1970-01-01,Comedy,6.7,,0.0
341,1970-01-01,Documentary,8.1,,0.0
342,1970-01-01,Drama,7.188888888888889,95.5,0.0
343,1970-01-01,History,7.5,,0.0
344,1970-01-01,Music,7.15,,0.0
345,1970-01-01,Musical,6.2,,0.0
346,1970-01-01,Romance,7.3,,0.0
347,1970-01-01,Sci-Fi,6.1,,0.0
348,1970-01-01,War,7.6,91.0,0.0
349,1971-01-01,Action,6.933333333333334,96.0,0.0
350,1971-01-01,Adventure,6.7,,0.0
351,1971-01-01,Comedy,7.1,,0.0
352,1971-01-01,Crime,7.1,87.0,0.0
353,1971-01-01,Drama,7.628571428571428,87.0,0.0
354,1971-01-01,Family,7.9,,4000000.0
355,1971-01-01,Fantasy,7.3,,4000000.0
356,1971-01-01,Horror,3.8000000000000003,,0.0
357,1971-01-01,Musical,7.9,,4000000.0
358,1971-01-01,Sci-Fi,6.075,78.0,0.0
359,1971-01-01,Thriller,6.55,,0.0
360,1972-01-01,Action,6.1,,0.0
361,1972-01-01,Comedy,6.449999999999999,,0.0
362,1972-01-01,Crime,7.6499999999999995,100.0,0.0
363,1972-01-01,Drama,7.959999999999999,95.0,0.0
364,1972-01-01,Family,7.6,,0.0
365,1972-01-01,History,7.6,,0.0
366,1972-01-01,Horror,6.1,,0.0
367,1972-01-01,Mystery,8.1,90.0,0.0
368,1972-01-01,Sci-Fi,6.966666666666666,90.0,0.0
369,1972-01-01,Thriller,7.8,,0.0
370,1973-01-01,Action,6.15,,0.0
371,1973-01-01,Adventure,6.8,,0.0
372,1973-01-01,Biography,7.7,,0.0
373,1973-01-01,Comedy,7.7,80.0,0.0
374,1973-01-01,Crime,7.900000000000001,80.0,0.0
375,1973-01-01,Drama,7.720000000000001,80.0,0.0
376,1973-01-01,Horror,8.0,82.0,0.0
377,1973-01-01,Mystery,7.6,,0.0
378,1973-01-01,Sci-Fi,6.4,,0.0
379,1973-01-01,Thriller,7.1,,0.0
380,1973-01-01,Western,7.5,,0.0
381,1974-01-01,Action,6.8,,0.0
382,1974-01-01,Adventure,6.449999999999999,,0.0
383,1974-01-01,Comedy,7.7,76.5,0.0
384,1974-01-01,Crime,9.0,85.0,0.0
385,1974-01-01,Drama,8.1,85.66666666666667,0.0
386,1974-01-01,Family,6.1,,0.0
387,1974-01-01,Horror,4.85,75.0,0.0
388,1974-01-01,Mystery,8.05,86.0,0.0
389,1974-01-01,Romance,5.2,,0.0
390,1974-01-01,Thriller,7.633333333333333,86.0,0.0
391,1974-01-01,Western,7.8,73.0,0.0
392,1975-01-01,Action,6.25,,0.0
393,1975-01-01,Adventure,8.175,89.5,0.0
394,1975-01-01,Biography,8.0,,0.0
395,1975-01-01,Comedy,7.68,93.0,0.0
396,1975-01-01,Crime,6.4,,0.0
397,1975-01-01,Drama,7.3999999999999995,83.0,0.0
398,1975-01-01,Fantasy,8.3,93.0,0.0
399,1975-01-01,History,8.1,,0.0
400,1975-01-01,Mystery,7.1,,0.0
401,1975-01-01,Romance,8.5,,0.0
402,1975-01-01,Sci-Fi,6.2,,0.0
403,1975-01-01,Thriller,8.0,86.0,0.0
404,1976-01-01,Action,6.8,,0.0
405,1976-01-01,Adventure,7.45,,0.0
406,1976-01-01,Biography,8.3,,0.0
407,1976-01-01,Comedy,6.933333333333334,,0.0
408,1976-01-01,Crime,8.3,93.0,0.0
409,1976-01-01,Drama,7.783333333333334,83.33333333333333,0.0
410,1976-01-01,Family,7.3,,0.0
411,1976-01-01,Horror,4.9,,0.0
412,1976-01-01,Romance,6.6,,0.0
413,1976-01-01,Sci-Fi,4.5,,0.0
414,1976-01-01,Sport,8.1,69.0,0.0
415,1976-01-01,Thriller,6.8,,0.0
416,1977-01-01,Action,7.533333333333332,92.0,0.0
417,1977-01-01,Adventure,7.475,92.0,0.0
418,1977-01-01,Comedy,7.1000000000000005,,0.0
419,1977-01-01,Drama,7.216666666666668,92.0,0.0
420,1977-01-01,Fantasy,8.05,92.0,0.0
421,1977-01-01,History,7.4,,0.0
422,1977-01-01,Horror,5.666666666666667,,0.0
423,1977-01-01,Music,6.7,,0.0
424,1977-01-01,Musical,6.7,,0.0
425,1977-01-01,Romance,8.1,,0.0
426,1977-01-01,Sci-Fi,6.266666666666667,92.0,0.0
427,1977-01-01,Thriller,7.2,,0.0
428,1977-01-01,War,6.9,,0.0
429,1978-01-01,Action,7.0,86.0,0.0
430,1978-01-01,Adventure,6.225,86.0,0.0
431,1978-01-01,Comedy,7.6,82.0,0.0
432,1978-01-01,Crime,7.1,,0.0
433,1978-01-01,Documentary,8.2,88.0,0.0
434,1978-01-01,Drama,6.985714285714286,75.0,0.0
435,1978-01-01,Family,5.3,,0.0
436,1978-01-01,Fantasy,5.3,,0.0
437,1978-01-01,History,6.6,,0.0
438,1978-01-01,Horror,5.05,78.0,0.0
439,1978-01-01,Music,8.2,88.0,0.0
440,1978-01-01,Musical,7.2,70.0,0.0
441,1978-01-01,Romance,7.6,81.5,0.0
442,1978-01-01,Sci-Fi,2.5,,0.0
443,1978-01-01,Thriller,7.275,59.0,0.0
444,1978-01-01,War,7.25,81.0,0.0
445,1979-01-01,Action,6.0,55.666666666666664,0.0
446,1979-01-01,Adventure,6.95,66.8,0.0
447,1979-01-01,Biography,7.6,,0.0
448,1979-01-01,Comedy,7.62,59.333333333333336,0.0
449,1979-01-01,Crime,6.8,,0.0
450,1979-01-01,Drama,7.075,90.0,164141.0
451,1979-01-01,Family,7.5,76.5,0.0
452,1979-01-01,Horror,6.95,83.0,0.0
453,1979-01-01,Music,7.35,,0.0
454,1979-01-01,Mystery,6.4,48.0,0.0
455,1979-01-01,Romance,7.8,,0.0
456,1979-01-01,Sci-Fi,6.5625,66.0,164141.0
457,1979-01-01,Sport,6.6,84.0,0.0
458,1979-01-01,War,7.2,62.0,0.0
459,1980-01-01,Action,6.133333333333333,71.25,4548170.0
460,1980-01-01,Adventure,6.116666666666667,77.0,4548170.0
461,1980-01-01,Biography,7.359999999999999,87.0,0.0
462,1980-01-01,Comedy,6.183333333333334,58.666666666666664,0.0
463,1980-01-01,Crime,7.9,54.0,0.0
464,1980-01-01,Drama,7.290909090909091,69.8,0.0
465,1980-01-01,Fantasy,6.066666666666666,55.0,4548170.0
466,1980-01-01,History,8.4,,0.0
467,1980-01-01,Horror,7.6,56.5,0.0
468,1980-01-01,Music,7.5,82.0,0.0
469,1980-01-01,Musical,4.5,,0.0
470,1980-01-01,Mystery,7.1,,0.0
471,1980-01-01,Romance,6.5,29.0,0.0
472,1980-01-01,Sci-Fi,5.6000000000000005,75.0,0.0
473,1980-01-01,Sport,7.75,68.0,0.0
474,1980-01-01,Thriller,6.2,52.0,0.0
475,1980-01-01,War,6.1,,0.0
476,1980-01-01,Western,6.949999999999999,64.0,0.0
477,1981-01-01,Action,6.885714285714286,72.5,0.0
478,1981-01-01,Adventure,6.7749999999999995,73.2,106353.0
479,1981-01-01,Animation,6.7,,0.0
480,1981-01-01,Biography,7.133333333333333,,0.0
481,1981-01-01,Comedy,5.985714285714286,40.0,0.0
482,1981-01-01,Crime,6.233333333333333,,0.0
483,1981-01-01,Drama,6.725,86.0,0.0
484,1981-01-01,Fantasy,6.35,,0.0
485,1981-01-01,History,5.8999999999999995,,0.0
486,1981-01-01,Horror,6.333333333333333,67.5,106353.0
487,1981-01-01,Mystery,5.825,85.0,0.0
488,1981-01-01,Sci-Fi,6.0,75.5,0.0
489,1981-01-01,Sport,7.2,,0.0
490,1981-01-01,Thriller,6.544444444444444,72.5,106353.0
491,1981-01-01,War,2.8,,0.0
492,1981-01-01,Western,5.0,,0.0
493,1982-01-01,Action,6.266666666666667,50.333333333333336,0.0
494,1982-01-01,Adventure,6.95,48.5,0.0
495,1982-01-01,Animation,8.0,,0.0
496,1982-01-01,Biography,8.1,,0.0
497,1982-01-01,Comedy,6.783333333333334,74.75,0.0
498,1982-01-01,Crime,5.6,,0.0
499,1982-01-01,Drama,7.19,75.5,0.0
500,1982-01-01,Family,7.6,91.0,0.0
501,1982-01-01,Fantasy,6.916666666666667,49.75,0.0
502,1982-01-01,History,8.1,,0.0
503,1982-01-01,Horror,6.483333333333333,58.25,0.0
504,1982-01-01,Music,6.2,,0.0
505,1982-01-01,Musical,5.8,,0.0
506,1982-01-01,Mystery,6.3999999999999995,47.5,0.0
507,1982-01-01,Romance,7.4,87.0,0.0
508,1982-01-01,Sci-Fi,6.614285714285714,69.2,0.0
509,1982-01-01,Thriller,6.659999999999999,84.0,0.0
510,1982-01-01,Western,7.2,,0.0
511,1983-01-01,Action,5.828571428571428,52.666666666666664,0.0
512,1983-01-01,Adventure,6.6571428571428575,58.666666666666664,0.0
513,1983-01-01,Biography,7.9,,0.0
514,1983-01-01,Comedy,6.8,59.2,0.0
515,1983-01-01,Crime,7.266666666666667,51.5,656161.0
516,1983-01-01,Drama,6.572727272727272,47.25,656161.0
517,1983-01-01,Family,8.0,77.0,0.0
518,1983-01-01,Fantasy,7.0,45.5,0.0
519,1983-01-01,Horror,7.0,55.666666666666664,0.0
520,1983-01-01,Music,6.1,35.0,0.0
521,1983-01-01,Musical,6.6,,0.0
522,1983-01-01,Romance,6.3,35.0,0.0
523,1983-01-01,Sci-Fi,5.3428571428571425,52.25,0.0
524,1983-01-01,Thriller,6.88,64.0,0.0
525,1984-01-01,Action,6.085714285714286,61.8,0.0
526,1984-01-01,Adventure,5.9750000000000005,52.666666666666664,0.0
527,1984-01-01,Animation,8.1,,0.0
528,1984-01-01,Biography,8.3,93.0,0.0
529,1984-01-01,Comedy,6.525,62.5,0.0
530,1984-01-01,Crime,7.275,69.5,0.0
531,1984-01-01,Drama,6.800000000000001,69.5,0.0
532,1984-01-01,Family,7.300000000000001,46.0,0.0
533,1984-01-01,Fantasy,5.733333333333333,70.0,0.0
534,1984-01-01,History,7.8500000000000005,93.0,0.0
535,1984-01-01,Horror,5.375,66.0,0.0
536,1984-01-01,Music,6.5,,0.0
537,1984-01-01,Mystery,6.8,,0.0
538,1984-01-01,Romance,6.35,,0.0
539,1984-01-01,Sci-Fi,6.6000000000000005,65.75,0.0
540,1984-01-01,Thriller,5.033333333333334,,0.0
541,1985-01-01,Action,5.883333333333333,80.0,33200000.0
542,1985-01-01,Adventure,6.622222222222223,69.33333333333333,2925880.0
543,1985-01-01,Biography,7.2,,0.0
544,1985-01-01,Comedy,7.2,86.0,2925880.0
545,1985-01-01,Crime,5.533333333333334,70.0,33200000.0
546,1985-01-01,Drama,6.992307692307692,80.33333333333333,33200000.0
547,1985-01-01,Family,6.7,42.0,0.0
548,1985-01-01,Fantasy,6.166666666666667,42.0,0.0
549,1985-01-01,Horror,6.16,,0.0
550,1985-01-01,Music,6.6,,0.0
551,1985-01-01,Mystery,5.8999999999999995,,0.0
552,1985-01-01,Romance,7.2250000000000005,78.0,0.0
553,1985-01-01,Sci-Fi,6.75,84.66666666666667,2925880.0
554,1985-01-01,Thriller,6.0875,,0.0
555,1985-01-01,War,8.3,,0.0
556,1985-01-01,Western,7.3,,0.0
557,1986-01-01,Action,6.7125,53.666666666666664,0.0
558,1986-01-01,Adventure,6.36,63.25,0.0
559,1986-01-01,Comedy,6.29,75.66666666666667,0.0
560,1986-01-01,Crime,5.333333333333333,,0.0
561,1986-01-01,Drama,6.5200000000000005,68.8,0.0
562,1986-01-01,Family,6.9,81.0,0.0
563,1986-01-01,Fantasy,6.266666666666667,24.0,0.0
564,1986-01-01,History,7.5,,0.0
565,1986-01-01,Horror,5.8,,0.0
566,1986-01-01,Musical,6.9,81.0,0.0
567,1986-01-01,Mystery,5.95,,0.0
568,1986-01-01,Romance,6.24,59.666666666666664,0.0
569,1986-01-01,Sci-Fi,7.066666666666666,77.0,0.0
570,1986-01-01,Sport,7.0,77.0,0.0
571,1986-01-01,Thriller,5.800000000000001,,0.0
572,1986-01-01,War,8.1,92.0,0.0
573,1987-01-01,Action,5.691666666666666,39.5,0.0
574,1987-01-01,Adventure,5.844444444444445,49.25,0.0
575,1987-01-01,Animation,7.3,,0.0
576,1987-01-01,Biography,7.35,70.5,0.0
577,1987-01-01,Comedy,6.228571428571429,46.42857142857143,0.0
578,1987-01-01,Crime,7.3,61.0,0.0
579,1987-01-01,Drama,6.966666666666667,70.42857142857143,0.0
580,1987-01-01,Family,5.866666666666667,49.5,0.0
581,1987-01-01,Fantasy,5.183333333333334,41.333333333333336,0.0
582,1987-01-01,History,7.65,76.0,0.0
583,1987-01-01,Horror,5.7444444444444445,57.0,0.0
584,1987-01-01,Music,6.8,65.0,0.0
585,1987-01-01,Romance,7.7,74.0,0.0
586,1987-01-01,Sci-Fi,5.925,41.0,0.0
587,1987-01-01,Thriller,6.425,60.666666666666664,0.0
588,1987-01-01,War,8.3,76.0,0.0
589,1988-01-01,Action,6.441666666666666,54.666666666666664,0.0
590,1988-01-01,Adventure,5.34,36.0,0.0
591,1988-01-01,Animation,8.024999999999999,,0.0
592,1988-01-01,Biography,6.8,,0.0
593,1988-01-01,Comedy,5.963636363636363,62.0,0.0
594,1988-01-01,Crime,6.36,60.333333333333336,0.0
595,1988-01-01,Drama,7.194117647058824,65.0,239630.0
596,1988-01-01,Family,7.75,73.0,0.0
597,1988-01-01,Fantasy,7.18,50.0,0.0
598,1988-01-01,Horror,5.644444444444444,45.666666666666664,0.0
599,1988-01-01,Musical,6.699999999999999,,0.0
600,1988-01-01,Mystery,6.7,,0.0
601,1988-01-01,Romance,5.3,67.0,0.0
602,1988-01-01,Sci-Fi,4.933333333333334,52.0,0.0
603,1988-01-01,Thriller,5.985714285714286,49.666666666666664,0.0
604,1988-01-01,War,8.5,,0.0
605,1989-01-01,Action,6.618181818181818,59.2,0.0
606,1989-01-01,Adventure,6.699999999999999,56.666666666666664,0.0
607,1989-01-01,Biography,7.6000000000000005,79.0,0.0
608,1989-01-01,Comedy,6.135714285714286,63.0,10763469.0
609,1989-01-01,Crime,5.6,,0.0
610,1989-01-01,Documentary,7.5,,0.0
611,1989-01-01,Drama,7.392307692307692,73.88888888888889,10763469.0
612,1989-01-01,Family,7.4,,0.0
613,1989-01-01,Fantasy,5.46,54.0,0.0
614,1989-01-01,History,7.9,,0.0
615,1989-01-01,Horror,5.466666666666666,34.5,0.0
616,1989-01-01,Music,6.9,44.0,0.0
617,1989-01-01,Musical,7.4,,0.0
618,1989-01-01,Mystery,6.8,,0.0
619,1989-01-01,Romance,6.366666666666667,76.0,10763469.0
620,1989-01-01,Sci-Fi,7.3,59.5,0.0
621,1989-01-01,Sport,6.85,62.0,0.0
622,1989-01-01,Thriller,6.016666666666667,35.0,0.0
623,1989-01-01,War,7.2,75.0,0.0
624,1990-01-01,Action,6.87,53.5,0.0
625,1990-01-01,Adventure,6.871428571428572,52.25,0.0
626,1990-01-01,Comedy,6.618181818181818,56.57142857142857,0.0
627,1990-01-01,Crime,7.55,74.5,0.0
628,1990-01-01,Drama,7.3090909090909095,67.375,0.0
629,1990-01-01,Family,7.1000000000000005,63.0,0.0
630,1990-01-01,Fantasy,5.9799999999999995,63.0,0.0
631,1990-01-01,Horror,5.699999999999999,60.0,0.0
632,1990-01-01,Music,6.6,,0.0
633,1990-01-01,Musical,7.1,,0.0
634,1990-01-01,Romance,7.18,63.5,0.0
635,1990-01-01,Sci-Fi,6.4,56.0,0.0
636,1990-01-01,Short,7.1,,0.0
637,1990-01-01,Sport,5.9,60.0,0.0
638,1990-01-01,Thriller,6.975,60.666666666666664,0.0
639,1990-01-01,Western,8.0,72.0,0.0
640,1991-01-01,Action,6.127272727272728,52.333333333333336,212704534.0
641,1991-01-01,Adventure,6.025,44.666666666666664,0.0
642,1991-01-01,Animation,8.0,95.0,47611331.0
643,1991-01-01,Biography,7.2,62.0,0.0
644,1991-01-01,Comedy,6.291666666666667,50.4,0.0
645,1991-01-01,Crime,6.85,77.33333333333333,0.0
646,1991-01-01,Drama,6.822222222222222,70.625,14587732.0
647,1991-01-01,Family,7.166666666666667,73.5,47611331.0
648,1991-01-01,Fantasy,6.220000000000001,78.0,47611331.0
649,1991-01-01,History,8.0,72.0,0.0
650,1991-01-01,Horror,4.9,,0.0
651,1991-01-01,Music,6.033333333333334,57.5,0.0
652,1991-01-01,Romance,5.866666666666667,59.0,0.0
653,1991-01-01,Sci-Fi,7.85,70.0,198116802.0
654,1991-01-01,Thriller,7.62,76.0,212704534.0
655,1992-01-01,Action,6.75,58.5,0.0
656,1992-01-01,Adventure,7.1,76.0,0.0
657,1992-01-01,Animation,8.0,,0.0
658,1992-01-01,Biography,7.15,61.0,0.0
659,1992-01-01,Comedy,6.984615384615385,54.8,0.0
660,1992-01-01,Crime,6.92,66.8,0.0
661,1992-01-01,Drama,7.2,69.16666666666667,157888.0
662,1992-01-01,Family,6.975,67.0,0.0
663,1992-01-01,Fantasy,6.95,57.0,0.0
664,1992-01-01,History,7.7,72.0,0.0
665,1992-01-01,Horror,6.5,53.75,0.0
666,1992-01-01,Music,6.6,48.0,0.0
667,1992-01-01,Musical,7.2,,0.0
668,1992-01-01,Mystery,7.8,80.0,0.0
669,1992-01-01,Romance,6.925,68.0,157888.0
670,1992-01-01,Sci-Fi,5.9,49.666666666666664,0.0
671,1992-01-01,Thriller,7.457142857142857,62.25,0.0
672,1992-01-01,Western,8.2,82.0,0.0
673,1993-01-01,Action,6.191666666666666,64.0,22189039.0
674,1993-01-01,Adventure,6.3100000000000005,58.0,45299680.0
675,1993-01-01,Animation,7.55,,8616662.0
676,1993-01-01,Biography,7.75,88.5,0.0
677,1993-01-01,Comedy,6.45,61.4,0.0
678,1993-01-01,Crime,6.763636363636365,67.75,22189039.0
679,1993-01-01,Drama,7.283333333333333,72.06666666666666,22189039.0
680,1993-01-01,Family,6.383333333333333,56.5,8616662.0
681,1993-01-01,Fantasy,6.442857142857143,72.0,8616662.0
682,1993-01-01,History,8.3,93.0,0.0
683,1993-01-01,Horror,5.4,,0.0
684,1993-01-01,Music,6.866666666666667,89.0,0.0
685,1993-01-01,Musical,7.8,,0.0
686,1993-01-01,Mystery,6.699999999999999,54.0,0.0
687,1993-01-01,Romance,7.44,72.66666666666667,0.0
688,1993-01-01,Sci-Fi,6.0,68.0,45299680.0
689,1993-01-01,Sport,6.2,,0.0
690,1993-01-01,Thriller,6.675,65.5,45299680.0
691,1993-01-01,War,7.7,,0.0
692,1994-01-01,Action,6.015789473684211,59.875,0.0
693,1994-01-01,Adventure,6.18,65.75,94240635.0
694,1994-01-01,Animation,8.5,83.0,94240635.0
695,1994-01-01,Biography,7.3,58.5,0.0
696,1994-01-01,Comedy,6.328125,56.875,405000.0
697,1994-01-01,Crime,6.663157894736842,62.888888888888886,0.0
698,1994-01-01,Documentary,8.3,98.0,0.0
699,1994-01-01,Drama,7.2733333333333325,69.65,94645635.0
700,1994-01-01,Family,6.185714285714285,59.5,0.0
701,1994-01-01,Fantasy,6.414285714285714,55.4,0.0
702,1994-01-01,Horror,6.733333333333333,59.0,0.0
703,1994-01-01,Music,8.0,,0.0
704,1994-01-01,Musical,7.6,,0.0
705,1994-01-01,Mystery,6.566666666666666,60.0,0.0
706,1994-01-01,Romance,6.966666666666667,71.6,405000.0
707,1994-01-01,Sci-Fi,4.05,48.0,0.0
708,1994-01-01,Sport,8.3,98.0,0.0
709,1994-01-01,Thriller,6.557142857142857,61.666666666666664,0.0
710,1994-01-01,War,7.5,45.0,0.0
711,1995-01-01,Action,6.21111111111111,54.2,0.0
712,1995-01-01,Adventure,6.542857142857143,58.18181818181818,0.0
713,1995-01-01,Animation,7.5,76.5,0.0
714,1995-01-01,Biography,7.025,58.5,0.0
715,1995-01-01,Comedy,6.392592592592592,63.0,0.0
716,1995-01-01,Crime,6.721739130434782,61.57142857142857,0.0
717,1995-01-01,Drama,7.068181818181818,65.71428571428571,0.0
718,1995-01-01,Family,5.275,83.0,0.0
719,1995-01-01,Fantasy,5.716666666666666,45.333333333333336,0.0
720,1995-01-01,History,7.140000000000001,62.2,0.0
721,1995-01-01,Horror,5.64,27.0,0.0
722,1995-01-01,Music,7.3,,0.0
723,1995-01-01,Musical,7.933333333333333,,0.0
724,1995-01-01,Mystery,7.38,58.4,0.0
725,1995-01-01,Romance,6.617647058823529,66.3,0.0
726,1995-01-01,Sci-Fi,6.159999999999999,56.333333333333336,0.0
727,1995-01-01,Thriller,6.635294117647058,62.9,0.0
728,1995-01-01,War,7.5,,0.0
729,1996-01-01,Action,6.1160000000000005,53.214285714285715,0.0
730,1996-01-01,Adventure,6.300000000000001,60.55555555555556,0.0
731,1996-01-01,Animation,6.666666666666667,61.5,0.0
732,1996-01-01,Biography,7.0,64.25,0.0
733,1996-01-01,Comedy,6.076190476190476,56.1,0.0
734,1996-01-01,Crime,6.46,58.083333333333336,0.0
735,1996-01-01,Drama,6.6109375,62.03030303030303,0.0
736,1996-01-01,Family,5.242857142857143,25.0,0.0
737,1996-01-01,Fantasy,6.0200000000000005,37.0,0.0
738,1996-01-01,History,6.45,45.0,0.0
739,1996-01-01,Horror,6.214285714285714,48.5,0.0
740,1996-01-01,Music,6.966666666666666,71.66666666666667,0.0
741,1996-01-01,Musical,6.8,,0.0
742,1996-01-01,Mystery,6.5,69.0,0.0
743,1996-01-01,Romance,6.416666666666667,59.4,0.0
744,1996-01-01,Sci-Fi,5.375,51.2,0.0
745,1996-01-01,Sport,5.575,32.75,0.0
746,1996-01-01,Thriller,6.415789473684211,56.72727272727273,0.0
747,1996-01-01,War,7.4,87.0,0.0
748,1997-01-01,Action,5.9648648648648654,49.03703703703704,0.0
749,1997-01-01,Adventure,6.2285714285714295,49.0,0.0
750,1997-01-01,Animation,7.35,67.5,0.0
751,1997-01-01,Biography,6.8500000000000005,65.6,0.0
752,1997-01-01,Comedy,6.304545454545454,60.04545454545455,0.0
753,1997-01-01,Crime,6.544444444444444,57.526315789473685,0.0
754,1997-01-01,Documentary,7.0,64.0,0.0
755,1997-01-01,Drama,6.965671641791045,64.9375,0.0
756,1997-01-01,Family,6.1,46.666666666666664,0.0
757,1997-01-01,Fantasy,5.557142857142857,46.25,0.0
758,1997-01-01,History,7.1,68.5,0.0
759,1997-01-01,Horror,6.0,51.125,0.0
760,1997-01-01,Music,5.05,49.5,0.0
761,1997-01-01,Musical,7.05,,0.0
762,1997-01-01,Mystery,6.966666666666667,61.23076923076923,0.0
763,1997-01-01,Romance,6.723529411764706,61.22222222222222,0.0
764,1997-01-01,Sci-Fi,6.223529411764706,53.5,0.0
765,1997-01-01,Thriller,6.5736842105263165,55.06666666666667,0.0
766,1997-01-01,War,7.466666666666666,60.5,0.0
767,1998-01-01,Action,6.285185185185185,48.80952380952381,0.0
768,1998-01-01,Adventure,6.279999999999999,58.642857142857146,0.0
769,1998-01-01,Animation,6.75,71.0,0.0
770,1998-01-01,Biography,6.840000000000001,52.5,0.0
771,1998-01-01,Comedy,6.280882352941177,55.93478260869565,2365931.0
772,1998-01-01,Crime,6.92962962962963,54.285714285714285,2365931.0
773,1998-01-01,Drama,6.859259259259259,61.60655737704918,62399711.0
774,1998-01-01,Family,5.5,49.8,0.0
775,1998-01-01,Fantasy,6.5625,48.666666666666664,0.0
776,1998-01-01,History,6.875,73.0,0.0
777,1998-01-01,Horror,5.666666666666667,46.0,0.0
778,1998-01-01,Music,6.966666666666666,51.166666666666664,0.0
779,1998-01-01,Musical,7.5,,0.0
780,1998-01-01,Mystery,6.39,50.0,0.0
781,1998-01-01,Romance,6.435714285714285,55.90909090909091,60033780.0
782,1998-01-01,Sci-Fi,6.7125,63.833333333333336,0.0
783,1998-01-01,Sport,6.733333333333333,52.0,0.0
784,1998-01-01,Thriller,6.761538461538462,53.27272727272727,0.0
785,1998-01-01,War,7.574999999999999,79.66666666666667,0.0
786,1998-01-01,Western,6.6,65.0,0.0
787,1999-01-01,Action,6.057142857142857,46.77777777777778,431000000.0
788,1999-01-01,Adventure,6.325,53.8235294117647,431000000.0
789,1999-01-01,Animation,6.3,76.25,0.0
790,1999-01-01,Biography,7.45,72.8,0.0
791,1999-01-01,Comedy,6.214285714285714,50.84615384615385,175182.0
792,1999-01-01,Crime,6.5851851851851855,54.07692307692308,0.0
793,1999-01-01,Documentary,7.6,73.0,0.0
794,1999-01-01,Drama,6.721649484536083,55.67032967032967,175182.0
795,1999-01-01,Family,4.99,44.5,0.0
796,1999-01-01,Fantasy,5.892307692307692,49.1,431000000.0
797,1999-01-01,History,6.5,40.666666666666664,0.0
798,1999-01-01,Horror,5.808333333333334,43.72727272727273,0.0
799,1999-01-01,Music,6.666666666666667,49.333333333333336,0.0
800,1999-01-01,Musical,7.6,,0.0
801,1999-01-01,Mystery,6.423529411764706,47.9375,0.0
802,1999-01-01,Romance,6.371428571428572,52.0,175182.0
803,1999-01-01,Sci-Fi,5.699999999999999,44.0,0.0
804,1999-01-01,Sport,6.766666666666667,53.833333333333336,0.0
805,1999-01-01,Thriller,6.483870967741935,49.285714285714285,0.0
806,1999-01-01,War,6.733333333333333,54.0,0.0
807,2000-01-01,Action,5.911428571428572,44.875,717787221.0
808,2000-01-01,Adventure,6.061764705882353,50.45454545454545,874501365.0
809,2000-01-01,Animation,5.872727272727272,53.77777777777778,338952251.0
810,2000-01-01,Biography,6.928571428571429,59.714285714285715,125861909.0
811,2000-01-01,Comedy,5.931578947368421,45.95945945945946,1663165897.0
812,2000-01-01,Crime,6.447222222222222,48.11764705882353,566001378.0
813,2000-01-01,Documentary,7.05,66.5,37680981.0
814,2000-01-01,Drama,6.638636363636365,55.16470588235294,770938231.0
815,2000-01-01,Family,5.211111111111111,43.625,541950013.0
816,2000-01-01,Fantasy,5.6466666666666665,42.785714285714285,737430073.0
817,2000-01-01,History,7.466666666666666,65.0,2317507.0
818,2000-01-01,Horror,5.6375,33.3125,312307415.0
819,2000-01-01,Music,6.7125,54.875,7780474.0
820,2000-01-01,Musical,7.8,61.0,2839256.0
821,2000-01-01,Mystery,5.983333333333333,41.166666666666664,152231193.0
822,2000-01-01,Romance,5.961538461538462,47.486486486486484,583127553.0
823,2000-01-01,Sci-Fi,5.653846153846154,37.92307692307692,429412259.0
824,2000-01-01,Sport,6.7,46.714285714285715,256573568.0
825,2000-01-01,Thriller,6.472,50.88,378215435.0
826,2000-01-01,War,6.6,62.0,0.0
827,2000-01-01,Western,6.15,58.5,14713716.0
828,2001-01-01,Action,5.997619047619048,41.275,1425624987.0
829,2001-01-01,Adventure,6.422580645161291,53.833333333333336,1939550672.0
830,2001-01-01,Animation,6.822222222222222,62.44444444444444,527388200.0
831,2001-01-01,Biography,7.175,57.875,99045347.0
832,2001-01-01,Comedy,6.082222222222222,46.21348314606742,2046883569.0
833,2001-01-01,Crime,6.344444444444444,47.77777777777778,985008354.0
834,2001-01-01,Documentary,7.15,67.66666666666667,1187606.0
835,2001-01-01,Drama,6.681052631578948,55.2247191011236,1969038338.0
836,2001-01-01,Family,6.0375,52.875,597989074.0
837,2001-01-01,Fantasy,6.046666666666667,46.46666666666667,1329374740.0
838,2001-01-01,History,7.133333333333333,57.0,356854428.0
839,2001-01-01,Horror,5.7,40.27272727272727,216321341.0
840,2001-01-01,Music,5.7125,47.75,44800202.0
841,2001-01-01,Musical,7.125,60.333333333333336,57932679.0
842,2001-01-01,Mystery,6.4,49.904761904761905,432063796.0
843,2001-01-01,Romance,6.240909090909091,46.3,820374563.0
844,2001-01-01,Sci-Fi,6.1000000000000005,44.833333333333336,253303136.0
845,2001-01-01,Sport,6.366666666666667,47.166666666666664,113385623.0
846,2001-01-01,Thriller,6.608,54.04,947187212.0
847,2001-01-01,War,6.6000000000000005,48.666666666666664,159092888.0
848,2001-01-01,Western,6.0,25.0,11888985.0
849,2002-01-01,Action,6.030232558139535,46.69047619047619,2789723497.0
850,2002-01-01,Adventure,6.2081081081081075,53.24324324324324,3509331718.0
851,2002-01-01,Animation,6.3,56.9,778634459.0
852,2002-01-01,Biography,7.340000000000001,66.0,270330151.0
853,2002-01-01,Comedy,5.975609756097561,47.49367088607595,3069655870.0
854,2002-01-01,Crime,6.613725490196079,54.08695652173913,1091303792.0
855,2002-01-01,Documentary,6.34,47.8,104574945.0
856,2002-01-01,Drama,6.696747967479675,59.99122807017544,3452265121.0
857,2002-01-01,Family,6.01875,52.733333333333334,953289356.0
858,2002-01-01,Fantasy,6.290909090909091,47.45454545454545,1294359818.0
859,2002-01-01,History,7.540000000000001,74.5,113964467.0
860,2002-01-01,Horror,5.61875,42.92857142857143,358002960.0
861,2002-01-01,Music,6.116666666666667,55.166666666666664,179602270.0
862,2002-01-01,Musical,7.225,76.66666666666667,0.0
863,2002-01-01,Mystery,6.547826086956522,56.31578947368421,593440869.0
864,2002-01-01,Romance,6.227659574468085,53.07142857142857,1189098002.0
865,2002-01-01,Sci-Fi,5.666666666666667,37.36363636363637,581795507.0
866,2002-01-01,Sport,5.74,49.6,95901706.0
867,2002-01-01,Thriller,5.973529411764706,48.96551724137931,1391202626.0
868,2002-01-01,War,6.65,63.0,60335135.0
869,2003-01-01,Action,6.152380952380952,47.575,2942665827.0
870,2003-01-01,Adventure,6.155555555555555,53.411764705882355,2553045857.0
871,2003-01-01,Animation,6.55,61.5,515070327.0
872,2003-01-01,Biography,7.05,63.3,146672365.0
873,2003-01-01,Comedy,6.0240506329113925,49.29577464788732,3047125514.0
874,2003-01-01,Crime,6.6230769230769235,53.388888888888886,904896184.0
875,2003-01-01,Documentary,6.519999999999999,64.0,18456121.0
876,2003-01-01,Drama,6.919148936170212,58.79012345679013,2167946594.0
877,2003-01-01,Family,5.800000000000001,49.166666666666664,988939613.0
878,2003-01-01,Fantasy,6.527777777777778,54.86666666666667,1790571315.0
879,2003-01-01,History,7.233333333333333,59.166666666666664,250014754.0
880,2003-01-01,Horror,5.5,34.76923076923077,345090748.0
881,2003-01-01,Music,6.0,53.0,138188546.0
882,2003-01-01,Musical,4.933333333333333,29.5,4877873.0
883,2003-01-01,Mystery,6.5375,55.1875,310645795.0
884,2003-01-01,Romance,6.413888888888889,47.827586206896555,793861060.0
885,2003-01-01,Sci-Fi,6.088888888888889,48.333333333333336,697277717.0
886,2003-01-01,Sport,7.1,55.0,172424930.0
887,2003-01-01,Thriller,6.645454545454545,50.42857142857143,717698416.0
888,2003-01-01,War,6.3,30.0,12900000.0
889,2003-01-01,Western,7.5,67.0,58260046.0
890,2004-01-01,Action,6.525,53.775,1847251822.0
891,2004-01-01,Adventure,6.482352941176471,55.774193548387096,2502830434.0
892,2004-01-01,Animation,6.463636363636363,61.0,1065696302.0
893,2004-01-01,Biography,7.12,61.86666666666667,412203271.0
894,2004-01-01,Comedy,5.966326530612245,47.42696629213483,3380194609.0
895,2004-01-01,Crime,6.436111111111111,53.23529411764706,832086633.0
896,2004-01-01,Documentary,7.144444444444444,62.22222222222222,131920941.0
897,2004-01-01,Drama,6.93063063063063,58.96875,2293543743.0
898,2004-01-01,Family,5.968181818181819,47.35,1124374743.0
899,2004-01-01,Fantasy,5.322222222222222,54.25,492343657.0
900,2004-01-01,History,7.55,72.16666666666667,197910288.0
901,2004-01-01,Horror,5.4399999999999995,46.375,590376601.0
902,2004-01-01,Music,6.245454545454546,50.0,145555975.0
903,2004-01-01,Musical,7.133333333333333,54.0,60531470.0
904,2004-01-01,Mystery,6.2555555555555555,47.529411764705884,739125830.0
905,2004-01-01,Romance,6.535593220338983,52.72727272727273,1555741519.0
906,2004-01-01,Sci-Fi,5.7733333333333325,47.083333333333336,615502290.0
907,2004-01-01,Sport,7.2,64.0,234152592.0
908,2004-01-01,Thriller,6.5851851851851855,51.375,1058849250.0
909,2004-01-01,War,7.279999999999999,59.5,120679472.0
910,2005-01-01,Action,5.921739130434782,45.1219512195122,1586606434.0
911,2005-01-01,Adventure,5.990243902439024,53.666666666666664,2820910667.0
912,2005-01-01,Animation,6.55,61.625,654073602.0
913,2005-01-01,Biography,7.1000000000000005,64.0,367863067.0
914,2005-01-01,Comedy,6.0125,51.01234567901235,3299277208.0
915,2005-01-01,Crime,6.553658536585366,53.41025641025641,1074771821.0
916,2005-01-01,Documentary,7.24,74.1,101785576.0
917,2005-01-01,Drama,6.804065040650406,58.44859813084112,2444779281.0
918,2005-01-01,Family,6.145454545454545,58.5,1561952928.0
919,2005-01-01,Fantasy,5.673333333333333,47.5,726281711.0
920,2005-01-01,History,6.977777777777778,63.111111111111114,110031203.0
921,2005-01-01,Horror,5.78,41.78260869565217,672270088.0
922,2005-01-01,Music,6.718181818181819,64.45454545454545,232837073.0
923,2005-01-01,Musical,6.528571428571429,53.333333333333336,49479504.0
924,2005-01-01,Mystery,6.265,47.666666666666664,766948694.0
925,2005-01-01,Romance,6.380000000000001,54.35897435897436,1163576293.0
926,2005-01-01,Sci-Fi,6.466666666666666,54.166666666666664,374341428.0
927,2005-01-01,Sport,7.3307692307692305,61.0,380086788.0
928,2005-01-01,Thriller,6.414285714285714,57.46153846153846,867807530.0
929,2005-01-01,War,6.68,61.0,72652935.0
930,2005-01-01,Western,6.633333333333333,60.0,48959240.0
931,2006-01-01,Action,6.1780487804878055,50.9375,2320817540.0
932,2006-01-01,Adventure,6.184210526315789,53.22222222222222,2803850353.0
933,2006-01-01,Animation,5.947058823529411,55.375,1381342510.0
934,2006-01-01,Biography,7.00625,62.0,292824697.0
935,2006-01-01,Comedy,5.9873786407767,52.75,3650786796.0
936,2006-01-01,Crime,6.7372093023255815,56.94285714285714,908914250.0
937,2006-01-01,Documentary,7.555555555555555,70.875,100665069.0
938,2006-01-01,Drama,6.8396946564885495,61.747747747747745,2599473190.0
939,2006-01-01,Family,5.920833333333333,49.27272727272727,1310720153.0
940,2006-01-01,Fantasy,6.644444444444444,51.588235294117645,1481591459.0
941,2006-01-01,History,7.009090909090909,68.55555555555556,211130223.0
942,2006-01-01,Horror,5.661904761904762,41.73684210526316,445081567.0
943,2006-01-01,Music,6.6375,59.375,219902226.0
944,2006-01-01,Musical,6.375,65.5,115849485.0
945,2006-01-01,Mystery,6.3999999999999995,50.4375,536883684.0
946,2006-01-01,Romance,6.3999999999999995,53.3235294117647,776665684.0
947,2006-01-01,Sci-Fi,6.028571428571429,55.07692307692308,378616055.0
948,2006-01-01,Short,7.1,,0.0
949,2006-01-01,Sport,6.071428571428571,50.53846153846154,459680935.0
950,2006-01-01,Thriller,6.43030303030303,56.0,1200677935.0
951,2006-01-01,War,7.7,81.16666666666667,90818846.0
952,2006-01-01,Western,7.1,,229221.0
953,2007-01-01,Action,6.064864864864865,47.310344827586206,2439664029.0
954,2007-01-01,Adventure,6.246875,55.0,3008225546.0
955,2007-01-01,Animation,6.736363636363635,64.54545454545455,1292724034.0
956,2007-01-01,Biography,7.363157894736842,69.11764705882354,325856472.0
957,2007-01-01,Comedy,6.12,52.131147540983605,3074706284.0
958,2007-01-01,Crime,6.794594594594595,55.333333333333336,824931071.0
959,2007-01-01,Documentary,7.428571428571429,74.5,36895700.0
960,2007-01-01,Drama,6.924074074074074,60.22727272727273,2167952053.0
961,2007-01-01,Family,6.43,56.888888888888886,1390078283.0
962,2007-01-01,Fantasy,6.094736842105263,45.9375,1298863626.0
963,2007-01-01,History,7.009090909090909,64.88888888888889,101124418.0
964,2007-01-01,Horror,6.238461538461538,51.65,780328720.0
965,2007-01-01,Music,7.277777777777778,65.75,187268881.0
966,2007-01-01,Musical,7.6,63.0,26307673.0
967,2007-01-01,Mystery,6.888888888888889,58.785714285714285,698986914.0
968,2007-01-01,Romance,6.477500000000001,54.25806451612903,629233100.0
969,2007-01-01,Sci-Fi,6.7444444444444445,56.375,711418534.0
970,2007-01-01,Short,7.25,,0.0
971,2007-01-01,Sport,6.11,50.4,233932192.0
972,2007-01-01,Thriller,6.565789473684211,55.0,1235040210.0
973,2007-01-01,War,7.050000000000001,67.5,16321758.0
974,2007-01-01,Western,4.699999999999999,,77175.0
975,2008-01-01,Action,6.556862745098039,52.56521739130435,3697242845.0
976,2008-01-01,Adventure,6.270454545454545,55.25714285714286,2727638065.0
977,2008-01-01,Animation,6.128571428571428,63.7,664615334.0
978,2008-01-01,Biography,7.023529411764706,65.3125,195943907.0
979,2008-01-01,Comedy,5.957471264367816,46.86842105263158,2759775250.0
980,2008-01-01,Crime,6.531578947368421,50.75,1384659647.0
981,2008-01-01,Documentary,7.5,69.375,34328189.0
982,2008-01-01,Drama,6.679338842975207,57.208333333333336,3527416418.0
983,2008-01-01,Family,5.975,55.6,1215657800.0
984,2008-01-01,Fantasy,6.1000000000000005,52.0,1241256886.0
985,2008-01-01,History,6.972727272727273,65.0,196723456.0
986,2008-01-01,Horror,5.647619047619047,41.375,357743879.0
987,2008-01-01,Music,6.67,56.75,126018057.0
988,2008-01-01,Musical,5.875,41.5,143804210.0
989,2008-01-01,Mystery,6.171428571428571,42.46666666666667,514804974.0
990,2008-01-01,Romance,6.4511111111111115,51.3421052631579,1519189780.0
991,2008-01-01,Sci-Fi,6.141176470588236,46.1764705882353,951463707.0
992,2008-01-01,Short,6.4,,6893526.0
993,2008-01-01,Sport,6.366666666666667,53.0,128321705.0
994,2008-01-01,Thriller,6.15,46.666666666666664,983185896.0
995,2008-01-01,War,7.011111111111111,56.44444444444444,33858722.0
996,2009-01-01,Action,6.196153846153846,48.10526315789474,3576580214.0
997,2009-01-01,Adventure,6.573809523809524,55.421052631578945,4546687840.0
998,2009-01-01,Animation,6.775,61.0,1432832339.0
999,2009-01-01,Biography,7.1,65.86666666666666,560427755.0
1000,2009-01-01,Comedy,6.059595959595959,50.3875,3125120218.0
1001,2009-01-01,Crime,6.407692307692308,51.74193548387097,953912564.0
1002,2009-01-01,Documentary,7.44,66.75,105187216.0
1003,2009-01-01,Drama,6.703703703703703,59.23275862068966,3204810963.0
1004,2009-01-01,Family,6.245,54.8235294117647,1365598507.0
1005,2009-01-01,Fantasy,6.231578947368422,57.0,1763388365.0
1006,2009-01-01,History,7.325,74.33333333333333,48400198.0
1007,2009-01-01,Horror,5.623333333333333,47.38095238095238,512206683.0
1008,2009-01-01,Music,5.836363636363637,61.57142857142857,181732818.0
1009,2009-01-01,Musical,5.7,47.333333333333336,42158621.0
1010,2009-01-01,Mystery,6.548148148148148,50.09090909090909,732649865.0
1011,2009-01-01,News,7.4,61.0,14342792.0
1012,2009-01-01,Romance,6.374545454545455,54.958333333333336,1266014924.0
1013,2009-01-01,Sci-Fi,6.13,47.733333333333334,1537190665.0
1014,2009-01-01,Sport,6.14,62.75,271104828.0
1015,2009-01-01,Thriller,6.151162790697675,45.96666666666667,1001253645.0
1016,2009-01-01,War,7.3,68.6,182500146.0
1017,2010-01-01,Action,6.229310344827587,48.0,3381351373.0
1018,2010-01-01,Adventure,6.451351351351351,54.15625,4268193072.0
1019,2010-01-01,Animation,6.484615384615385,61.55555555555556,1652413460.0
1020,2010-01-01,Biography,6.8999999999999995,69.36363636363636,422803320.0
1021,2010-01-01,Comedy,6.148039215686275,51.333333333333336,3730365589.0
1022,2010-01-01,Crime,6.345714285714285,52.86206896551724,922192385.0
1023,2010-01-01,Documentary,6.928571428571429,60.4,128223847.0
1024,2010-01-01,Drama,6.630952380952381,59.407766990291265,2669628817.0
1025,2010-01-01,Family,5.647826086956522,39.21052631578947,1074037890.0
1026,2010-01-01,Fantasy,5.947619047619048,47.578947368421055,1306652171.0
1027,2010-01-01,History,7.025,70.5,15193154.0
1028,2010-01-01,Horror,5.5920000000000005,49.1578947368421,535356385.0
1029,2010-01-01,Music,6.314285714285715,53.0,209714685.0
1030,2010-01-01,Musical,5.066666666666667,34.5,40614617.0
1031,2010-01-01,Mystery,6.515384615384615,57.166666666666664,464981356.0
1032,2010-01-01,Romance,6.384615384615385,50.06666666666667,1417681232.0
1033,2010-01-01,Sci-Fi,6.114285714285715,53.916666666666664,905484640.0
1034,2010-01-01,Sport,5.800000000000001,51.0,21920330.0
1035,2010-01-01,Thriller,6.154054054054054,55.53333333333333,988656016.0
1036,2010-01-01,War,6.9799999999999995,61.25,94787236.0
1037,2010-01-01,Western,6.833333333333333,70.0,177673198.0
1038,2011-01-01,Action,6.272131147540984,49.09615384615385,3528777245.0
1039,2011-01-01,Adventure,6.347727272727273,53.12820512820513,3845391316.0
1040,2011-01-01,Animation,5.952941176470588,53.714285714285715,1401425614.0
1041,2011-01-01,Biography,6.9399999999999995,59.0,242042683.0
1042,2011-01-01,Comedy,6.242222222222222,52.71052631578947,3552258654.0
1043,2011-01-01,Crime,6.709375,56.64,1103660648.0
1044,2011-01-01,Documentary,6.3625,61.285714285714285,95841307.0
1045,2011-01-01,Drama,6.612068965517241,59.816326530612244,2772642510.0
1046,2011-01-01,Family,6.423076923076923,55.416666666666664,738586266.0
1047,2011-01-01,Fantasy,6.176470588235294,49.0,1274988466.0
1048,2011-01-01,History,6.033333333333334,42.8,1794710.0
1049,2011-01-01,Horror,5.516,44.18181818181818,408741033.0
1050,2011-01-01,Music,5.5200000000000005,55.0,87549074.0
1051,2011-01-01,Musical,5.75,44.0,1085912.0
1052,2011-01-01,Mystery,6.545,55.888888888888886,850757762.0
1053,2011-01-01,Romance,6.522857142857143,54.65625,1154954100.0
1054,2011-01-01,Sci-Fi,6.4526315789473685,54.111111111111114,1441791798.0
1055,2011-01-01,Sport,7.199999999999999,79.0,89205492.0
1056,2011-01-01,Thriller,6.2681818181818185,57.32432432432432,1242946399.0
1057,2011-01-01,War,5.8500000000000005,53.0,81833120.0
1058,2011-01-01,Western,6.3,58.5,131979.0
1059,2012-01-01,Action,6.18,49.857142857142854,3674110009.0
1060,2012-01-01,Adventure,6.613888888888889,56.09375,3935194221.0
1061,2012-01-01,Animation,6.5,65.11111111111111,1174903220.0
1062,2012-01-01,Biography,7.336363636363637,71.75,299947775.0
1063,2012-01-01,Comedy,6.1947368421052635,54.25373134328358,3536129572.0
1064,2012-01-01,Crime,6.7026315789473685,57.689655172413794,948819121.0
1065,2012-01-01,Documentary,7.1875,71.0,61746419.0
1066,2012-01-01,Drama,6.6141509433962264,58.12048192771084,3097977281.0
1067,2012-01-01,Family,6.7,50.375,508081329.0
1068,2012-01-01,Fantasy,6.594117647058824,55.857142857142854,1261183597.0
1069,2012-01-01,History,7.340000000000001,78.6,369295245.0
1070,2012-01-01,Horror,5.0736842105263165,44.77272727272727,602622342.0
1071,2012-01-01,Music,6.2625,53.5,177682731.0
1072,2012-01-01,Musical,6.9,55.0,187287238.0
1073,2012-01-01,Mystery,6.188235294117647,46.333333333333336,571611666.0
1074,2012-01-01,Romance,6.535135135135135,55.3448275862069,1067846518.0
1075,2012-01-01,Sci-Fi,5.944444444444445,53.07142857142857,1485871052.0
1076,2012-01-01,Short,6.2,,0.0
1077,2012-01-01,Sport,6.9,47.8,100062370.0
1078,2012-01-01,Thriller,6.220000000000001,54.45161290322581,1966467791.0
1079,2012-01-01,War,7.1,63.0,8077634.0
1080,2012-01-01,Western,6.95,66.5,168699886.0
1081,2013-01-01,Action,6.181034482758621,49.8,3521464242.0
1082,2013-01-01,Adventure,6.538461538461538,50.54545454545455,4686255187.0
1083,2013-01-01,Animation,6.517647058823529,47.93333333333333,1728807738.0
1084,2013-01-01,Biography,7.5,71.125,689170210.0
1085,2013-01-01,Comedy,6.189024390243903,51.52459016393443,3401410880.0
1086,2013-01-01,Crime,6.711904761904761,51.8,1245740676.0
1087,2013-01-01,Documentary,6.966666666666667,67.6,61449704.0
1088,2013-01-01,Drama,6.732575757575758,61.12244897959184,2097974270.0
1089,2013-01-01,Family,5.823076923076924,39.5,448236196.0
1090,2013-01-01,Fantasy,6.2823529411764705,47.625,1415305419.0
1091,2013-01-01,History,7.642857142857143,80.0,57076540.0
1092,2013-01-01,Horror,5.306896551724138,48.68421052631579,840119813.0
1093,2013-01-01,Music,6.15,57.875,69519334.0
1094,2013-01-01,Musical,6.7,,3910543.0
1095,2013-01-01,Mystery,6.8500000000000005,53.75,836812421.0
1096,2013-01-01,Romance,6.5606060606060606,57.80769230769231,467224992.0
1097,2013-01-01,Sci-Fi,6.2250000000000005,63.26315789473684,1643654501.0
1098,2013-01-01,Sport,6.9,45.666666666666664,113868829.0
1099,2013-01-01,Thriller,6.118604651162792,50.55882352941177,1404957934.0
1100,2013-01-01,War,6.9,53.0,0.0
1101,2013-01-01,Western,6.5,37.0,89289910.0
1102,2014-01-01,Action,6.3293333333333335,49.89090909090909,3932412295.0
1103,2014-01-01,Adventure,6.6063829787234045,57.87179487179487,3750479520.0
1104,2014-01-01,Animation,6.76875,64.4,731031002.0
1105,2014-01-01,Biography,6.886956521739131,63.166666666666664,485710978.0
1106,2014-01-01,Comedy,6.264788732394367,50.810344827586206,1806823595.0
1107,2014-01-01,Crime,6.2973684210526315,51.5,674671577.0
1108,2014-01-01,Documentary,7.472727272727273,69.33333333333333,27057.0
1109,2014-01-01,Drama,6.484558823529412,55.705882352941174,1790843167.0
1110,2014-01-01,Family,5.8999999999999995,51.72727272727273,476418784.0
1111,2014-01-01,Fantasy,5.923529411764706,37.45454545454545,454042112.0
1112,2014-01-01,History,6.4375,59.666666666666664,47307556.0
1113,2014-01-01,Horror,5.571428571428571,46.46666666666667,133058592.0
1114,2014-01-01,Music,6.872727272727272,54.666666666666664,37657164.0
1115,2014-01-01,Musical,6.433333333333334,60.0,0.0
1116,2014-01-01,Mystery,6.211538461538462,51.75,429085553.0
1117,2014-01-01,News,7.1,62.0,0.0
1118,2014-01-01,Romance,6.482352941176471,50.857142857142854,369532089.0
1119,2014-01-01,Sci-Fi,6.388461538461538,53.130434782608695,2075712382.0
1120,2014-01-01,Sport,5.96,42.2,91607438.0
1121,2014-01-01,Thriller,5.814814814814815,45.275,627865641.0
1122,2014-01-01,War,7.0,60.0,139848603.0
1123,2014-01-01,Western,5.925,62.0,37331031.0
1124,2015-01-01,Action,6.111764705882353,48.52272727272727,3990949624.0
1125,2015-01-01,Adventure,6.7,57.44444444444444,4786296598.0
1126,2015-01-01,Animation,6.269230769230769,63.5,967107385.0
1127,2015-01-01,Biography,7.173684210526316,59.53333333333333,308205594.0
1128,2015-01-01,Comedy,6.203174603174603,47.891304347826086,1534467484.0
1129,2015-01-01,Crime,6.142857142857143,48.689655172413794,558560098.0
1130,2015-01-01,Documentary,6.916666666666667,71.0,35770.0
1131,2015-01-01,Drama,6.60603448275862,55.08,1513122641.0
1132,2015-01-01,Family,6.093333333333333,47.875,460128993.0
1133,2015-01-01,Fantasy,6.066666666666666,53.0,1155900609.0
1134,2015-01-01,History,7.2250000000000005,72.0,145198865.0
1135,2015-01-01,Horror,5.020588235294118,45.27777777777778,79432561.0
1136,2015-01-01,Music,6.716666666666666,56.75,169988077.0
1137,2015-01-01,Musical,4.666666666666667,63.0,165744048.0
1138,2015-01-01,Mystery,5.751851851851852,48.9375,112225862.0
1139,2015-01-01,Romance,6.3428571428571425,52.53846153846154,304642521.0
1140,2015-01-01,Sci-Fi,5.880952380952381,49.55555555555556,1827051163.0
1141,2015-01-01,Sport,6.957142857142857,53.666666666666664,148164107.0
1142,2015-01-01,Thriller,5.616666666666667,48.392857142857146,1108830080.0
1143,2015-01-01,War,7.4,30.0,4902290.0
1144,2015-01-01,Western,5.88,48.5,976847.0
1145,2016-01-01,Action,6.303846153846154,45.75,2984039442.0
1146,2016-01-01,Adventure,6.6,51.6875,4144612041.0
1147,2016-01-01,Animation,7.085714285714286,64.14285714285714,1201451028.0
1148,2016-01-01,Biography,7.19375,55.23076923076923,234165306.0
1149,2016-01-01,Comedy,6.051428571428572,50.75,2216565848.0
1150,2016-01-01,Crime,6.325,44.833333333333336,247277439.0
1151,2016-01-01,Drama,6.773529411764706,54.2,1405124016.0
1152,2016-01-01,Family,6.581818181818182,52.0,632048195.0
1153,2016-01-01,Fantasy,6.2846153846153845,51.1,743473255.0
1154,2016-01-01,History,7.1499999999999995,59.2,142293664.0
1155,2016-01-01,Horror,5.678947368421053,50.69230769230769,345745374.0
1156,2016-01-01,Music,8.2,93.0,151058124.0
1157,2016-01-01,Musical,6.3,,22121.0
1158,2016-01-01,Mystery,6.6,59.666666666666664,384531951.0
1159,2016-01-01,Romance,6.693333333333333,50.625,231460915.0
1160,2016-01-01,Sci-Fi,6.8,57.333333333333336,1203370153.0
1161,2016-01-01,Sport,6.55,45.5,18174527.0
1162,2016-01-01,Thriller,6.144444444444444,49.44444444444444,376639056.0
1163,2016-01-01,War,6.6,,0.0
1164,2017-01-01,Action,7.536363636363637,60.333333333333336,844501564.0
1165,2017-01-01,Adventure,7.640000000000001,58.0,586587440.0
1166,2017-01-01,Comedy,6.675,38.5,2285437.0
1167,2017-01-01,Crime,8.0,83.0,30029105.0
1168,2017-01-01,Drama,7.108333333333333,50.833333333333336,317334195.0
1169,2017-01-01,Family,7.5,65.0,503685062.0
1170,2017-01-01,Fantasy,6.7,49.5,535353437.0
1171,2017-01-01,History,7.9,,0.0
1172,2017-01-01,Horror,4.5,25.0,27766716.0
1173,2017-01-01,Music,7.5,68.0,30450961.0
1174,2017-01-01,Musical,7.5,65.0,503685062.0
1175,2017-01-01,Mystery,8.3,,0.0
1176,2017-01-01,Romance,6.3,43.5,978860.0
1177,2017-01-01,Sci-Fi,8.166666666666666,72.33333333333333,723516451.0
1178,2017-01-01,Thriller,6.8500000000000005,28.0,0.0
1179,2017-01-01,War,6.1,34.0,557004.0
